Constituency_Name,Candidate,Gender,Party,Party_Abbreviation,Party_Abbreviation_v2,Result,Count_Number,Non_Transferable,Occurred_On_Count,Required_To_Reach_Quota,Required_To_Save_Deposit,Transfers,Count_1,Count_2,Count_3,Count_4,Count_5,Count_6,Count_7,Count_8,Count_9,Count_10,Count_11,Count_12,Count_13,Count_14,Count_15,Count_16,Votes,Total_Votes
Carlow Kilkenny,Adrienne Wallace,F,Anti-Austerity Alliance,Others,AAA-PBP,Excluded,1,0,0,10087,1336,0,1582,1728,1769,2342,0,0,0,0,0,0,0,0,0,0,0,0,1582,1582
Carlow Kilkenny,Ann Phelan,F,The Labour Party,LAB.,LAB.,Excluded,1,0,0,7278,0,0,4391,4396,4442,4465,4548,4740,5566,5596,0,0,0,0,0,0,0,0,4391,4391
Carlow Kilkenny,Bobby Aylward,M,Fianna Fáil,F.F.,F.F.,Elected,1,0,0,2303,0,0,9366,9375,9469,9491,9549,9803,9956,10030,10634,11077,11335,0,0,0,0,0,9366,9366
Carlow Kilkenny,Conor Mac Liam,M,Anti-Austerity Alliance,Others,AAA-PBP,Excluded,1,0,0,10549,1798,0,1120,1179,1231,0,0,0,0,0,0,0,0,0,0,0,0,0,1120,1120
Carlow Kilkenny,David Fitzgerald,M,Fine Gael,F.G.,F.G.,Excluded,1,0,0,6652,0,0,5017,5021,5094,5106,5122,5355,5686,5721,6588,0,0,0,0,0,0,0,5017,5017
Carlow Kilkenny,Jennifer Murnane-O'Connor,F,Fianna Fáil,F.F.,F.F.,Excluded,1,0,0,3296,0,0,8373,8436,8502,8540,8745,8919,9023,9049,9371,9459,9518,0,0,0,0,0,8373,8373
Carlow Kilkenny,John McGuinness,M,Fianna Fáil,F.F.,F.F.,Elected,1,0,0,1141,0,0,10528,10545,10823,10886,10965,11490,11903,11669,11669,11669,11669,0,0,0,0,0,10528,10528
Carlow Kilkenny,John Paul Phelan,M,Fine Gael,F.G.,F.G.,Elected,1,0,0,4101,0,0,7568,7577,7689,7713,7768,8080,8420,8450,10222,14200,11669,0,0,0,0,0,7568,7568
Carlow Kilkenny,Kathleen Funchion,F,Sinn Féin,S.F.,S.F.,Elected,1,0,0,2969,0,0,8700,8838,8891,9094,9856,10228,10934,10970,11516,11720,11720,0,0,0,0,0,8700,8700
Carlow Kilkenny,Keith Martin Gilligan,M,Non-Party,Others,NON-P.,Excluded,1,0,0,11213,2462,0,456,0,0,0,0,0,0,0,0,0,0,0,0,0,0,0,456,456
Carlow Kilkenny,Malcolm Noonan,M,Green Party,G.P.,G.P.,Excluded,1,0,0,9048,297,0,2621,2655,2717,2816,3208,3660,0,0,0,0,0,0,0,0,0,0,2621,2621
Carlow Kilkenny,Noel G. Walsh,M,Non-Party,Others,NON-P.,Excluded,1,0,0,11505,2754,0,164,0,0,0,0,0,0,0,0,0,0,0,0,0,0,0,164,164
Carlow Kilkenny,Paddy Manning,M,Non-Party,Others,NON-P.,Excluded,1,0,0,10591,1840,0,1078,1142,0,0,0,0,0,0,0,0,0,0,0,0,0,0,1078,1078
Carlow Kilkenny,Pat Deering,M,Fine Gael,F.G.,F.G.,Elected,1,0,0,5107,0,0,6562,6580,6606,6623,6693,6829,6937,6940,7675,8935,11149,0,0,0,0,0,6562,6562
Carlow Kilkenny,Patrick McKee,M,Renua Ireland,Others,R.I.,Excluded,1,0,0,9186,435,0,2483,2511,2656,2752,3005,0,0,0,0,0,0,0,0,0,0,0,2483,2483
Cavan Monaghan,Aoife O'Connell,F,Direct Democracy,Others,D.D.I.,Excluded,1,0,0,11652,2704,0,279,282,292,0,0,0,0,0,0,0,0,0,0,0,0,0,279,279
Cavan Monaghan,Brendan Smith,M,Fianna Fáil,F.F.,F.F.,Elected,1,0,0,3156,0,0,8775,8802,8807,8850,8952,9046,9142,10926,11357,12120,0,0,0,0,0,0,8775,8775
Cavan Monaghan,Caoimhghín Ó Caoláin,M,Sinn Féin,S.F.,S.F.,Elected,1,0,0,1871,0,0,10060,10104,10119,10265,10415,10651,11047,11867,17182,11931,0,0,0,0,0,0,10060,10060
Cavan Monaghan,Emmett Smith,M,Non-Party,Others,NON-P.,Excluded,1,0,0,11686,2738,0,245,246,258,0,0,0,0,0,0,0,0,0,0,0,0,0,245,245
Cavan Monaghan,Heather Humphreys,F,Fine Gael,F.G.,F.G.,Elected,1,0,1,0,0,0,12391,11931,11931,11931,11931,11931,11931,11931,11931,11931,0,0,0,0,0,0,12391,12391
Cavan Monaghan,James Mee,M,Non-Party,Others,NON-P.,Excluded,1,0,0,11843,2895,0,88,90,0,0,0,0,0,0,0,0,0,0,0,0,0,0,88,88
Cavan Monaghan,Joe O'Reilly,M,Fine Gael,F.G.,F.G.,Excluded,1,0,0,5365,0,0,6566,6846,6848,6887,6977,7255,7715,8063,8321,8790,0,0,0,0,0,0,6566,6566
Cavan Monaghan,John Wilson,M,Non-Party,Others,NON-P.,Excluded,1,0,0,10908,1960,0,1023,1029,1036,1171,0,0,0,0,0,0,0,0,0,0,0,0,1023,1023
Cavan Monaghan,Kathryn Reilly,F,Sinn Féin,S.F.,S.F.,Excluded,1,0,0,5865,0,0,6066,6073,6078,6268,6419,6599,6737,6993,0,0,0,0,0,0,0,0,6066,6066
Cavan Monaghan,Mary Smyth,F,Non-Party,Others,NON-P.,Excluded,1,0,0,10342,1394,0,1589,1600,1609,1709,1911,2062,2340,0,0,0,0,0,0,0,0,0,1589,1589
Cavan Monaghan,Michael McDermott,M,Direct Democracy,Others,D.D.I.,Excluded,1,0,0,11456,2508,0,475,476,479,0,0,0,0,0,0,0,0,0,0,0,0,0,475,475
Cavan Monaghan,Micheal Callaghan,M,Green Party,G.P.,G.P.,Excluded,1,0,0,10680,1732,0,1251,1262,1269,1410,1523,0,0,0,0,0,0,0,0,0,0,0,1251,1251
Cavan Monaghan,Mike Durkan,M,Fianna Fáil,F.F.,F.F.,Excluded,1,0,0,9022,74,0,2909,2927,2931,2941,2977,3062,3246,0,0,0,0,0,0,0,0,0,2909,2909
Cavan Monaghan,Niamh Smyth,F,Fianna Fáil,F.F.,F.F.,Elected,1,0,0,5663,0,0,6268,6296,6297,6342,6455,6584,6742,8216,8762,9644,0,0,0,0,0,0,6268,6268
Cavan Monaghan,Sean Conlan,M,Non-Party,Others,NON-P.,Excluded,1,0,0,10266,1318,0,1665,1686,1688,1754,1853,1980,0,0,0,0,0,0,0,0,0,0,1665,1665
Clare,Andres Siro Hakizimana,M,Non-Party,Others,NON-P.,Excluded,1,0,0,11331,2781,0,70,0,0,0,0,0,0,0,0,0,0,0,0,0,0,0,70,70
Clare,Ann Norton,F,Non-Party,Others,NON-P.,Excluded,1,0,0,9161,611,0,2240,2321,2442,2521,2686,2982,3152,3205,0,0,0,0,0,0,0,0,2240,2240
Clare,Clare Colleran-Molloy,F,Fianna Fáil,F.F.,F.F.,Excluded,1,0,0,8762,212,0,2639,2673,2697,2716,2824,2880,0,0,0,0,0,0,0,0,0,0,2639,2639
Clare,Dermot Mulqueen,M,Non-Party,Others,NON-P.,Excluded,1,0,0,11362,2812,0,39,0,0,0,0,0,0,0,0,0,0,0,0,0,0,0,39,39
Clare,Fergal Smith,M,Green Party,G.P.,G.P.,Excluded,1,0,0,9701,1151,0,1700,1764,2092,2144,2193,0,0,0,0,0,0,0,0,0,0,0,1700,1700
Clare,Ian Lynch,M,Non-Party,Others,NON-P.,Excluded,1,0,0,9907,1357,0,1494,1535,1575,0,0,0,0,0,0,0,0,0,0,0,0,0,1494,1494
Clare,Joe Carey,M,Fine Gael,F.G.,F.G.,Elected,1,0,0,5330,0,0,6071,6115,6148,6195,6778,6894,7032,7062,7422,7535,7931,9915,0,0,0,0,6071,6071
Clare,Mary Howard,F,Fine Gael,F.G.,F.G.,Excluded,1,0,0,9348,798,0,2053,2076,2098,2119,0,0,0,0,0,0,0,0,0,0,0,0,2053,2053
Clare,Michael Harty,M,Non-Party,Others,NON-P.,Elected,1,0,0,2772,0,0,8629,8812,8978,9605,9840,10360,10688,10843,11962,11401,11401,11401,0,0,0,0,8629,8629
Clare,Michael Malty McDonagh,M,Fianna Fáil,F.F.,F.F.,Excluded,1,0,0,6675,0,0,4726,4749,4764,4954,4997,5056,5497,5887,6139,6229,6929,7762,0,0,0,0,4726,4726
Clare,Michael McNamara,M,The Labour Party,LAB.,LAB.,Excluded,1,0,0,6929,0,0,4472,4516,4587,4672,4896,5347,5498,5569,5955,6090,6844,0,0,0,0,0,4472,4472
Clare,Niamh O'Brien,F,Fís Nua,Others,F.N.,Excluded,1,0,0,10247,1697,0,1154,1216,0,0,0,0,0,0,0,0,0,0,0,0,0,0,1154,1154
Clare,Noeleen Moran,F,Sinn Féin,S.F.,S.F.,Excluded,1,0,0,7185,0,0,4216,4277,4519,4611,4664,4957,5058,5083,5473,5601,0,0,0,0,0,0,4216,4216
Clare,Pat Breen,M,Fine Gael,F.G.,F.G.,Elected,1,0,0,4818,0,0,6583,6621,6640,6857,7337,7420,7512,7537,7815,7910,8292,10088,0,0,0,0,6583,6583
Clare,Richard Cahill,M,Non-Party,Others,NON-P.,Excluded,1,0,0,10702,2152,0,699,0,0,0,0,0,0,0,0,0,0,0,0,0,0,0,699,699
Clare,Timmy Dooley,M,Fianna Fáil,F.F.,F.F.,Elected,1,0,0,1186,0,0,10215,10292,10382,10480,10624,10772,12150,11401,11401,11401,11401,11401,0,0,0,0,10215,10215
Cork East,Barbara Ahern,F,Fianna Fáil,F.F.,F.F.,Excluded,1,0,0,5968,0,0,4594,4635,4730,4824,4986,5081,5553,6216,6432,6781,0,0,0,0,0,0,4594,4594
Cork East,Ciara Leonardi-Roche,F,Anti-Austerity Alliance,Others,AAA-PBP,Excluded,1,0,0,8563,642,0,1999,2176,2586,3237,0,0,0,0,0,0,0,0,0,0,0,0,1999,1999
Cork East,David Stanton,M,Fine Gael,F.G.,F.G.,Elected,1,0,0,3391,0,0,7171,7296,7401,7484,7593,8312,9099,9647,11558,11558,0,0,0,0,0,0,7171,7171
Cork East,Ken Curtin,M,Social Democrats,Others,S.D.,Excluded,1,0,0,9176,1255,0,1386,1570,0,0,0,0,0,0,0,0,0,0,0,0,0,0,1386,1386
Cork East,Kevin O'Keeffe,M,Fianna Fáil,F.F.,F.F.,Elected,1,0,0,2298,0,0,8264,8290,8347,8416,8548,8875,9254,9880,11035,11035,0,0,0,0,0,0,8264,8264
Cork East,Kieran McCarthy,M,Non-Party,Others,NON-P.,Excluded,1,0,0,8927,1006,0,1635,1692,1813,0,0,0,0,0,0,0,0,0,0,0,0,0,1635,1635
Cork East,Mary Linehan-Foley,F,Non-Party,Others,NON-P.,Excluded,1,0,0,7417,0,0,3145,3280,3365,3515,4104,4132,0,0,0,0,0,0,0,0,0,0,3145,3145
Cork East,Natasha Harty,F,Green Party,G.P.,G.P.,Excluded,1,0,0,9756,1835,0,806,0,0,0,0,0,0,0,0,0,0,0,0,0,0,0,806,806
Cork East,Noel McCarthy,M,Fine Gael,F.G.,F.G.,Excluded,1,0,0,6156,0,0,4406,4425,4479,4565,4718,5688,5779,6203,0,0,0,0,0,0,0,0,4406,4406
Cork East,Paddy Bullman,M,Non-Party,Others,NON-P.,Excluded,1,0,0,10321,2400,0,241,0,0,0,0,0,0,0,0,0,0,0,0,0,0,0,241,241
Cork East,Pat Buckley,M,Sinn Féin,S.F.,S.F.,Elected,1,0,0,5204,0,0,5358,5437,5572,5969,6776,6861,7681,8175,8457,8639,0,0,0,0,0,0,5358,5358
Cork East,Paul Bradford,M,Renua Ireland,Others,R.I.,Excluded,1,0,0,7318,0,0,3244,3327,3460,3531,3834,4191,4596,0,0,0,0,0,0,0,0,0,3244,3244
Cork East,Ross Cannon,M,Non-Party,Others,NON-P.,Excluded,1,0,0,10415,2494,0,147,0,0,0,0,0,0,0,0,0,0,0,0,0,0,0,147,147
Cork East,Sean Sherlock,M,The Labour Party,LAB.,LAB.,Elected,1,0,0,3613,0,0,6949,7124,7394,7486,7780,8674,8986,9916,11803,10562,0,0,0,0,0,0,6949,6949
Cork East,Tom Barry,M,Fine Gael,F.G.,F.G.,Excluded,1,0,0,7101,0,0,3461,3495,3520,3532,3573,0,0,0,0,0,0,0,0,0,0,0,3461,3461
Cork North Central,Billy Kelleher,M,Fianna Fáil,F.F.,F.F.,Elected,1,0,1,0,0,0,14286,10235,10235,10235,10235,10235,10235,10235,10235,10235,10235,0,0,0,0,0,14286,14286
Cork North Central,Dara Murphy,M,Fine Gael,F.G.,F.G.,Elected,1,0,0,4971,0,0,5264,5718,5746,5800,5957,6008,6166,6250,6369,6403,9256,0,0,0,0,0,5264,5264
Cork North Central,Ger Keohane,M,Non-Party,Others,NON-P.,Excluded,1,0,0,9323,1647,0,912,1152,1300,0,0,0,0,0,0,0,0,0,0,0,0,0,912,912
Cork North Central,Jonathan O'Brien,M,Sinn Féin,S.F.,S.F.,Elected,1,0,0,4004,0,0,6231,6641,6754,6865,6939,7260,7462,11079,10235,10235,10235,0,0,0,0,0,6231,6231
Cork North Central,Julie O'Leary,F,Fine Gael,F.G.,F.G.,Excluded,1,0,0,6394,0,0,3841,4283,4364,4443,4687,4771,5138,5225,5488,5581,0,0,0,0,0,0,3841,3841
Cork North Central,Kathleen Lynch,F,The Labour Party,LAB.,LAB.,Excluded,1,0,0,6512,0,0,3723,4358,4419,4506,4608,4718,5286,5436,5805,5973,7491,0,0,0,0,0,3723,3723
Cork North Central,Mick Barry,M,Anti-Austerity Alliance,Others,AAA-PBP,Elected,1,0,0,2194,0,0,8041,8713,8904,9138,9347,10097,10714,10714,10714,10235,10235,0,0,0,0,0,8041,8041
Cork North Central,Mick Murphy,M,Non-Party,Others,NON-P.,Excluded,1,0,0,10020,2344,0,215,265,0,0,0,0,0,0,0,0,0,0,0,0,0,0,215,215
Cork North Central,Oliver Moran,M,Green Party,G.P.,G.P.,Excluded,1,0,0,8542,866,0,1693,1936,2011,2108,2331,2490,0,0,0,0,0,0,0,0,0,0,1693,1693
Cork North Central,Paddy O'Leary,M,Renua Ireland,Others,R.I.,Excluded,1,0,0,9115,1439,0,1120,1445,1520,1716,0,0,0,0,0,0,0,0,0,0,0,0,1120,1120
Cork North Central,Peter O'Loughlin,M,Non-Party,Others,NON-P.,Excluded,1,0,0,10052,2376,0,183,218,0,0,0,0,0,0,0,0,0,0,0,0,0,0,183,183
Cork North Central,Ted Tynan,M,Workers Party,Others,W.P.,Excluded,1,0,0,8816,1140,0,1419,1615,1694,1805,1919,0,0,0,0,0,0,0,0,0,0,0,1419,1419
Cork North Central,Thomas Gould,M,Sinn Féin,S.F.,S.F.,Excluded,1,0,0,6462,0,0,3773,4047,4100,4175,4236,4398,4458,0,0,0,0,0,0,0,0,0,3773,3773
Cork North Central,Thomas Kiely,M,Non-Party,Others,NON-P.,Excluded,1,0,0,9762,2086,0,473,548,0,0,0,0,0,0,0,0,0,0,0,0,0,0,473,473
Cork North West,Aindrias Moynihan,M,Fianna Fáil,F.F.,F.F.,Elected,1,0,0,2816,0,0,8924,9004,9201,9367,9678,9956,10755,11141,11959,0,0,0,0,0,0,0,8924,8924
Cork North West,Áine Collins Collins,F,Fine Gael,F.G.,F.G.,Excluded,1,0,0,5503,0,0,6237,6297,6495,6685,6944,7191,7388,0,0,0,0,0,0,0,0,0,6237,6237
Cork North West,Cormac Manning,M,Green Party,G.P.,G.P.,Excluded,1,0,0,10386,1582,0,1354,1501,0,0,0,0,0,0,0,0,0,0,0,0,0,0,1354,1354
Cork North West,Diarmuid O'Flynn,M,Non-Party,Others,NON-P.,Excluded,1,0,0,9581,777,0,2159,2317,2499,2727,2930,0,0,0,0,0,0,0,0,0,0,0,2159,2159
Cork North West,Jason Fitzgerald,M,Renua Ireland,Others,R.I.,Excluded,1,0,0,10172,1368,0,1568,1633,1760,1880,0,0,0,0,0,0,0,0,0,0,0,0,1568,1568
Cork North West,Jerry O'Sullivan,M,Non-Party,Others,NON-P.,Excluded,1,0,0,11262,2458,0,478,0,0,0,0,0,0,0,0,0,0,0,0,0,0,0,478,478
Cork North West,John Paul O'Shea,M,Non-Party,Others,NON-P.,Excluded,1,0,0,6926,0,0,4814,4919,5033,5444,5723,6687,7897,8549,9680,0,0,0,0,0,0,0,4814,4814
Cork North West,Michael Creed,M,Fine Gael,F.G.,F.G.,Elected,1,0,0,2871,0,0,8869,9024,9174,9327,9566,9747,10078,14957,11740,0,0,0,0,0,0,0,8869,8869
Cork North West,Michael Moynihan,M,Fianna Fáil,F.F.,F.F.,Elected,1,0,0,4408,0,0,7332,7344,7374,7519,7758,8144,8388,9228,9929,0,0,0,0,0,0,0,7332,7332
Cork North West,Michael O’ Donnell,M,Communist Party,Others,C.P.I.,Excluded,1,0,0,11555,2751,0,185,0,0,0,0,0,0,0,0,0,0,0,0,0,0,0,185,185
Cork North West,Nigel Dennehy,M,Sinn Féin,S.F.,S.F.,Excluded,1,0,0,8502,0,0,3238,3334,3485,3633,3783,4256,0,0,0,0,0,0,0,0,0,0,3238,3238
Cork North West,Shirley Griffin,F,Non-Party,Others,NON-P.,Excluded,1,0,0,11301,2497,0,439,0,0,0,0,0,0,0,0,0,0,0,0,0,0,0,439,439
Cork North West,Steven O'Riordan,M,Non-Party,Others,NON-P.,Excluded,1,0,0,10379,1575,0,1361,1530,1728,0,0,0,0,0,0,0,0,0,0,0,0,0,1361,1361
Cork South Central,Ciarán Kenneally,M,Renua Ireland,Others,R.I.,Excluded,1,0,0,10250,1898,0,887,931,944,951,990,1014,0,0,0,0,0,0,0,0,0,0,887,887
Cork South Central,Ciarán Lynch,M,The Labour Party,LAB.,LAB.,Excluded,1,0,0,8720,368,0,2417,2462,2478,2481,2504,2513,2574,2611,2685,0,0,0,0,0,0,0,2417,2417
Cork South Central,Diarmaid Ó Cadhla,M,Non-Party,Others,NON-P.,Excluded,1,0,0,10268,1916,0,869,885,891,941,1047,1107,1188,0,0,0,0,0,0,0,0,0,869,869
Cork South Central,Donnchadh Uinseann Ó Laoghaire,M,Sinn Féin,S.F.,S.F.,Elected,1,0,0,4151,0,0,6986,7090,7122,7152,7257,7414,7524,7877,8366,8526,10653,0,0,0,0,0,6986,6986
Cork South Central,Elizabeth Hourihane,F,Non-Party,Others,NON-P.,Excluded,1,0,0,10833,2481,0,304,327,329,333,0,0,0,0,0,0,0,0,0,0,0,0,304,304
Cork South Central,Fiona Ryan,F,Anti-Austerity Alliance,Others,AAA-PBP,Excluded,1,0,0,10200,1848,0,937,954,960,976,1037,1492,1592,1882,0,0,0,0,0,0,0,0,937,937
Cork South Central,Jerry Buttimer,M,Fine Gael,F.G.,F.G.,Excluded,1,0,0,4718,0,0,6419,6498,6530,6532,6568,6582,6701,6727,6786,7843,9117,0,0,0,0,0,6419,6419
Cork South Central,Jim O'Connell,M,Anti-Austerity Alliance,Others,AAA-PBP,Excluded,1,0,0,10342,1990,0,795,810,815,829,880,0,0,0,0,0,0,0,0,0,0,0,795,795
Cork South Central,Joe Harris,M,Non-Party,Others,NON-P.,Excluded,1,0,0,10787,2435,0,350,371,376,388,0,0,0,0,0,0,0,0,0,0,0,0,350,350
Cork South Central,Lorna Bogue,F,Green Party,G.P.,G.P.,Excluded,1,0,0,9073,721,0,2064,2095,2108,2114,2183,2243,2364,2452,2930,3291,0,0,0,0,0,0,2064,2064
Cork South Central,Michael Joseph Mohally,M,Non-Party,Others,NON-P.,Excluded,1,0,0,10967,2615,0,170,173,176,0,0,0,0,0,0,0,0,0,0,0,0,0,170,170
Cork South Central,Michael McGrath,M,Fianna Fáil,F.F.,F.F.,Elected,1,0,1,0,0,0,11795,11137,11137,11137,11137,11137,11137,11137,11137,11137,11137,0,0,0,0,0,11795,11795
Cork South Central,Micheál Martin,M,Fianna Fáil,F.F.,F.F.,Elected,1,0,1,0,0,0,11346,11346,11137,11137,11137,11137,11137,11137,11137,11137,11137,0,0,0,0,0,11346,11346
Cork South Central,Mick Finn,M,Non-Party,Others,NON-P.,Excluded,1,0,0,8759,407,0,2378,2423,2446,2454,2528,2583,2686,2869,3199,3356,0,0,0,0,0,0,2378,2378
Cork South Central,Simon Coveney,M,Fine Gael,F.G.,F.G.,Elected,1,0,0,3172,0,0,7965,8180,8233,8241,8293,8303,8468,8527,8591,9315,10372,0,0,0,0,0,7965,7965
Cork South West,Alan Coleman,M,Non-Party,Others,NON-P.,Excluded,1,0,0,5860,0,0,4955,5272,5634,6405,0,0,0,0,0,0,0,0,0,0,0,0,4955,4955
Cork South West,Fiona Pettit O’leary,F,Non-Party,Others,NON-P.,Excluded,1,0,0,10392,2281,0,423,0,0,0,0,0,0,0,0,0,0,0,0,0,0,0,423,423
Cork South West,Gillian Powell,F,Non-Party,Others,NON-P.,Excluded,1,0,0,10114,2003,0,701,0,0,0,0,0,0,0,0,0,0,0,0,0,0,0,701,701
Cork South West,Jim Daly,M,Fine Gael,F.G.,F.G.,Elected,1,0,0,3445,0,0,7370,7633,8523,8774,9799,0,0,0,0,0,0,0,0,0,0,0,7370,7370
Cork South West,Johnny O’ Mahony,M,Green Party,G.P.,G.P.,Excluded,1,0,0,10063,1952,0,752,0,0,0,0,0,0,0,0,0,0,0,0,0,0,0,752,752
Cork South West,Margaret Murphy O'Mahony,F,Fianna Fáil,F.F.,F.F.,Elected,1,0,0,2333,0,0,8482,8845,9228,10020,11962,0,0,0,0,0,0,0,0,0,0,0,8482,8482
Cork South West,Michael Collins,M,Non-Party,Others,NON-P.,Elected,1,0,0,4050,0,0,6765,7347,7793,9258,11063,0,0,0,0,0,0,0,0,0,0,0,6765,6765
Cork South West,Michael McCarthy,M,The Labour Party,LAB.,LAB.,Excluded,1,0,0,7780,0,0,3035,3397,0,0,0,0,0,0,0,0,0,0,0,0,0,0,3035,3035
Cork South West,Noel Harrington,M,Fine Gael,F.G.,F.G.,Excluded,1,0,0,4382,0,0,6433,6574,7377,7544,8208,0,0,0,0,0,0,0,0,0,0,0,6433,6433
Cork South West,Rachel McCarthy,F,Sinn Féin,S.F.,S.F.,Excluded,1,0,0,7159,0,0,3656,3993,4260,0,0,0,0,0,0,0,0,0,0,0,0,0,3656,3656
Cork South West,Theresa Heaney,F,Catholic Democrats,Others,C.D.,Excluded,1,0,0,10129,2018,0,686,0,0,0,0,0,0,0,0,0,0,0,0,0,0,0,686,686
Donegal,Charlie McConalogue,M,Fianna Fáil,F.F.,F.F.,Elected,1,0,1,0,0,0,12533,12533,12218,12218,12218,12218,12218,12218,12218,12218,12218,12218,12218,0,0,0,12533,12533
Donegal,Cordelia NicFhearraigh,F,Fís Nua,Others,F.N.,Excluded,1,0,0,12148,2985,0,70,0,0,0,0,0,0,0,0,0,0,0,0,0,0,0,70,70
Donegal,Dessie Sheils,M,Non-Party,Others,NON-P.,Excluded,1,0,0,8494,0,0,3724,3724,3739,3986,4166,4288,4463,4497,4540,0,0,0,0,0,0,0,3724,3724
Donegal,Frank McBrearty,M,Non-Party,Others,NON-P.,Excluded,1,0,0,10304,1141,0,1914,1917,1921,1981,0,0,0,0,0,0,0,0,0,0,0,0,1914,1914
Donegal,Gary Doherty,M,Sinn Féin,S.F.,S.F.,Excluded,1,0,0,8082,0,0,4136,4138,4142,4183,4377,4420,4456,0,0,0,0,0,0,0,0,0,4136,4136
Donegal,Ian McGarvey,M,Non-Party,Others,NON-P.,Excluded,1,0,0,11236,2073,0,982,982,989,0,0,0,0,0,0,0,0,0,0,0,0,0,982,982
Donegal,Joe McHugh,M,Fine Gael,F.G.,F.G.,Elected,1,0,0,3806,0,0,8412,8414,8443,8704,8795,8965,11016,11040,11061,11784,12469,12469,12218,0,0,0,8412,8412
Donegal,Michael Mooney,M,Non-Party,Others,NON-P.,Excluded,1,0,0,11821,2658,0,397,402,407,0,0,0,0,0,0,0,0,0,0,0,0,0,397,397
Donegal,Niamh Kennedy,F,Non-Party,Others,NON-P.,Excluded,1,0,0,10382,1219,0,1836,1842,1848,1983,2057,0,0,0,0,0,0,0,0,0,0,0,1836,1836
Donegal,Paddy Harte,M,Fine Gael,F.G.,F.G.,Excluded,1,0,0,9387,224,0,2831,2832,2838,2934,3133,3244,0,0,0,0,0,0,0,0,0,0,2831,2831
Donegal,Pádraig MacLochlainn,M,Sinn Féin,S.F.,S.F.,Excluded,1,0,0,6476,0,0,5742,5743,5773,5893,5961,6008,6032,6567,8509,9143,9716,9852,9898,0,0,0,5742,5742
Donegal,Pat The Cope Gallagher,M,Fianna Fáil,F.F.,F.F.,Elected,1,0,0,2020,0,0,10198,10203,10362,10504,10694,10941,11160,11267,11398,11832,13138,12218,12218,0,0,0,10198,10198
Donegal,Paula Mary Flanagan,F,Green Party,G.P.,G.P.,Excluded,1,0,0,11790,2627,0,428,442,443,0,0,0,0,0,0,0,0,0,0,0,0,0,428,428
Donegal,Pearse Doherty,M,Sinn Féin,S.F.,S.F.,Elected,1,0,0,1918,0,0,10300,10305,10330,10524,10870,11053,11190,14600,12218,12218,12218,12218,12218,0,0,0,10300,10300
Donegal,Thomas Pringle,M,Non-Party,Others,NON-P.,Elected,1,0,0,5998,0,0,6220,6239,6247,6498,6689,7389,7522,7617,7722,8491,9642,9888,10082,0,0,0,6220,6220
Donegal,Tim Jackson,M,Non-Party,Others,NON-P.,Excluded,1,0,0,8638,0,0,3580,3585,3601,3752,4034,4319,4524,4650,4790,5864,0,0,0,0,0,0,3580,3580
Dublin Bay North,Aodhán Ó Ríordáin,M,The Labour Party,LAB.,LAB.,Excluded,1,0,0,6596,0,0,5675,5683,5701,5920,5932,6183,6201,6581,7057,7299,7320,7544,8547,9947,10329,0,5675,5675
Dublin Bay North,Averil Power,F,Non-Party,Others,NON-P.,Excluded,1,0,0,7360,0,0,4911,4934,5052,5145,5294,5529,5678,5768,5828,6237,6338,6674,7668,0,0,0,4911,4911
Dublin Bay North,Cian O'Callaghan,M,Social Democrats,Others,S.D.,Excluded,1,0,0,8407,0,0,3864,3875,3909,4093,4128,4179,4261,4313,4347,4587,4637,4796,0,0,0,0,3864,3864
Dublin Bay North,Damien O'Neill,M,Non-Party,Others,NON-P.,Excluded,1,0,0,10825,1622,0,1446,1470,1506,1517,0,0,0,0,0,0,0,0,0,0,0,0,1446,1446
Dublin Bay North,Deirdre Heney,F,Fianna Fáil,F.F.,F.F.,Excluded,1,0,0,8911,0,0,3360,3376,3408,3448,3458,3498,3514,3577,3619,3943,3974,0,0,0,0,0,3360,3360
Dublin Bay North,Denise Mitchell,F,Sinn Féin,S.F.,S.F.,Elected,1,0,0,7232,0,0,5039,5051,5067,5081,5247,5255,5510,5515,5517,5573,8281,8386,8596,9047,11348,0,5039,5039
Dublin Bay North,Donna Cooney,F,Green Party,G.P.,G.P.,Excluded,1,0,0,11247,2044,0,1024,1038,1055,0,0,0,0,0,0,0,0,0,0,0,0,0,1024,1024
Dublin Bay North,Finian McGrath,M,Non-Party,Others,NON-P.,Elected,1,0,0,6393,0,0,5878,5913,5990,6075,6150,6213,6321,6396,6450,6828,6930,7353,8069,9553,11191,0,5878,5878
Dublin Bay North,Jimmy Guerin,M,Non-Party,Others,NON-P.,Excluded,1,0,0,11515,2312,0,756,782,0,0,0,0,0,0,0,0,0,0,0,0,0,0,756,756
Dublin Bay North,John Lyons,M,Anti-Austerity Alliance,Others,AAA-PBP,Excluded,1,0,0,7862,0,0,4409,4455,4532,4600,4981,5002,6475,6494,6497,6682,7116,7209,7760,8476,0,0,4409,4409
Dublin Bay North,Michael O'Brien,M,Anti-Austerity Alliance,Others,AAA-PBP,Excluded,1,0,0,10035,832,0,2236,2253,2271,2282,2559,2562,0,0,0,0,0,0,0,0,0,0,2236,2236
Dublin Bay North,Mícheál Macdonncha,M,Sinn Féin,S.F.,S.F.,Excluded,1,0,0,8744,0,0,3527,3540,3563,3576,3663,3668,3787,3790,3791,3850,0,0,0,0,0,0,3527,3527
Dublin Bay North,Naoise Ó Muirí,M,Fine Gael,F.G.,F.G.,Excluded,1,0,0,9403,200,0,2868,2870,2875,2905,2908,3376,3381,0,0,0,0,0,0,0,0,0,2868,2868
Dublin Bay North,Paul Clarke,M,Non-Party,Others,NON-P.,Excluded,1,0,0,11965,2762,0,306,0,0,0,0,0,0,0,0,0,0,0,0,0,0,0,306,306
Dublin Bay North,Proinsias O'Conaráin,M,Non-Party,Others,NON-P.,Excluded,1,0,0,12167,2964,0,104,0,0,0,0,0,0,0,0,0,0,0,0,0,0,0,104,104
Dublin Bay North,Richard Bruton,M,Fine Gael,F.G.,F.G.,Elected,1,0,0,2479,0,0,9792,9804,9860,9924,9934,10568,10578,13092,12271,12271,12271,12271,12271,12271,12271,0,9792,9792
Dublin Bay North,Seán Haughey,M,Fianna Fáil,F.F.,F.F.,Elected,1,0,0,4264,0,0,8007,8029,8094,8123,8157,8189,8232,8293,8345,9311,9378,11659,11956,12754,12754,0,8007,8007
Dublin Bay North,Stephanie Bernadette Regan,F,Fine Gael,F.G.,F.G.,Excluded,1,0,0,10414,1211,0,1857,1865,1883,1939,1957,0,0,0,0,0,0,0,0,0,0,0,1857,1857
Dublin Bay North,Terence Flanagan,M,Renua Ireland,Others,R.I.,Excluded,1,0,0,9066,0,0,3205,3273,3302,3348,3372,3418,3462,3525,3588,0,0,0,0,0,0,0,3205,3205
Dublin Bay North,Tommy Broughan,M,Independents 4 Change,Others,I.4.C,Elected,1,0,0,6910,0,0,5361,5398,5511,5578,5778,5856,6038,6065,6099,6583,6823,7003,7735,9477,11565,0,5361,5361
Dublin Bay South,Alan Macstiofain,M,Non-Party,Others,NON-P.,Excluded,1,0,0,7706,1751,0,235,0,0,0,0,0,0,0,0,0,0,0,0,0,0,0,235,235
Dublin Bay South,Annette Mooney,F,Anti-Austerity Alliance,Others,AAA-PBP,Excluded,1,0,0,6213,258,0,1728,1819,2149,0,0,0,0,0,0,0,0,0,0,0,0,0,1728,1728
Dublin Bay South,Chris Andrews,M,Sinn Féin,S.F.,S.F.,Excluded,1,0,0,4167,0,0,3774,3796,3957,4511,4888,5197,0,0,0,0,0,0,0,0,0,0,3774,3774
Dublin Bay South,Eamon Ryan,M,Green Party,G.P.,G.P.,Elected,1,0,0,3412,0,0,4529,4631,4929,5277,6605,7560,8788,7941,0,0,0,0,0,0,0,0,4529,4529
Dublin Bay South,Eoghan Murphy,M,Fine Gael,F.G.,F.G.,Elected,1,0,0,1374,0,0,6567,6595,6661,6693,6873,7860,8023,8023,0,0,0,0,0,0,0,0,6567,6567
Dublin Bay South,Eoin Tierney,M,Non-Party,Others,NON-P.,Excluded,1,0,0,7790,1835,0,151,0,0,0,0,0,0,0,0,0,0,0,0,0,0,0,151,151
Dublin Bay South,Glenna Lynch,F,Social Democrats,Others,S.D.,Excluded,1,0,0,5289,0,0,2652,2694,2949,3527,0,0,0,0,0,0,0,0,0,0,0,0,2652,2652
Dublin Bay South,Jim O'Callaghan,M,Fianna Fáil,F.F.,F.F.,Elected,1,0,0,3366,0,0,4575,4596,4674,4744,4949,5969,6678,6921,0,0,0,0,0,0,0,0,4575,4575
Dublin Bay South,John Dominic Keigher,M,Non-Party,Others,NON-P.,Excluded,1,0,0,7904,1949,0,37,0,0,0,0,0,0,0,0,0,0,0,0,0,0,0,37,37
Dublin Bay South,Kate O'Connell,F,Fine Gael,F.G.,F.G.,Elected,1,0,0,2542,0,0,5399,5416,5483,5527,5773,6324,6446,6547,0,0,0,0,0,0,0,0,5399,5399
Dublin Bay South,Kevin Humphreys,M,The Labour Party,LAB.,LAB.,Excluded,1,0,0,3736,0,0,4205,4227,4378,4480,4992,5391,5973,6221,0,0,0,0,0,0,0,0,4205,4205
Dublin Bay South,Lucinda Creighton,F,Renua Ireland,Others,R.I.,Excluded,1,0,0,3712,0,0,4229,4252,4385,4545,4820,0,0,0,0,0,0,0,0,0,0,0,4229,4229
Dublin Bay South,Mannix Flynn,M,Non-Party,Others,NON-P.,Excluded,1,0,0,6416,461,0,1525,1648,0,0,0,0,0,0,0,0,0,0,0,0,0,0,1525,1525
Dublin Bay South,William D.j. Gorman,M,Non-Party,Others,NON-P.,Excluded,1,0,0,7844,1889,0,97,0,0,0,0,0,0,0,0,0,0,0,0,0,0,0,97,97
Dublin Central,Christy Burke,M,Non-Party,Others,NON-P.,Excluded,1,0,0,3516,0,0,2406,2411,2418,2440,2452,2503,2822,3066,3083,3658,0,0,0,0,0,0,2406,2406
Dublin Central,Cieran Perry,M,Non-Party,Others,NON-P.,Excluded,1,0,0,4680,239,0,1242,1258,1294,1309,1333,1492,0,0,0,0,0,0,0,0,0,0,1242,1242
Dublin Central,Cormac McKay,M,Direct Democracy,Others,D.D.I.,Excluded,1,0,0,5860,1419,0,62,0,0,0,0,0,0,0,0,0,0,0,0,0,0,0,62,62
Dublin Central,Diana O'Dwyer,F,Anti-Austerity Alliance,Others,AAA-PBP,Excluded,1,0,0,5201,760,0,721,749,830,845,909,0,0,0,0,0,0,0,0,0,0,0,721,721
Dublin Central,Éilis Ryan,F,Workers Party,Others,W.P.,Excluded,1,0,0,5619,1178,0,303,316,0,0,0,0,0,0,0,0,0,0,0,0,0,0,303,303
Dublin Central,Gary Gannon,M,Social Democrats,Others,S.D.,Excluded,1,0,0,3615,0,0,2307,2327,2387,2411,2601,2832,3117,3514,3549,3931,4948,0,0,0,0,0,2307,2307
Dublin Central,Ian Noel Smyth,M,Green Party,G.P.,G.P.,Excluded,1,0,0,5278,837,0,644,651,674,696,0,0,0,0,0,0,0,0,0,0,0,0,644,644
Dublin Central,Jacqui Gilbourne,F,Renua Ireland,Others,R.I.,Excluded,1,0,0,5592,1151,0,330,339,339,0,0,0,0,0,0,0,0,0,0,0,0,0,330,330
Dublin Central,Joe Costello,M,The Labour Party,LAB.,LAB.,Excluded,1,0,0,3830,0,0,2092,2102,2121,2132,2245,2281,2345,0,0,0,0,0,0,0,0,0,2092,2092
Dublin Central,Kerry Guinan,F,Non-Party,Others,NON-P.,Excluded,1,0,0,5864,1423,0,58,0,0,0,0,0,0,0,0,0,0,0,0,0,0,0,58,58
Dublin Central,Mary Fitzpatrick,F,Fianna Fáil,F.F.,F.F.,Excluded,1,0,0,3414,0,0,2508,2510,2517,2601,2632,2655,2810,2978,2984,0,0,0,0,0,0,0,2508,2508
Dublin Central,Mary Lou McDonald,F,Sinn Féin,S.F.,S.F.,Elected,1,0,0,152,0,0,5770,5780,5806,5825,5854,6016,6016,6016,5922,5922,5922,0,0,0,0,0,5770,5770
Dublin Central,Maureen O'Sullivan,F,Non-Party,Others,NON-P.,Elected,1,0,0,3932,0,0,1990,2009,2058,2085,2181,2377,2792,3181,3214,3923,5269,0,0,0,0,0,1990,1990
Dublin Central,Paschal Donohoe,M,Fine Gael,F.G.,F.G.,Elected,1,0,0,2696,0,0,3226,3228,3231,3276,3393,3405,3480,4478,4481,5127,5447,0,0,0,0,0,3226,3226
Dublin Central,William  D.j. Gorman,M,Non-Party,Others,NON-P.,Excluded,1,0,0,5895,1454,0,27,0,0,0,0,0,0,0,0,0,0,0,0,0,0,0,27,27
Dublin Fingal,Alan Farrell,M,Fine Gael,F.G.,F.G.,Elected,1,0,0,2551,0,0,7514,7563,7627,7664,7672,8082,8244,8709,8969,9965,0,0,0,0,0,0,7514,7514
Dublin Fingal,Barry Martin,M,Independents 4 Change,Others,I.4.C,Excluded,1,0,0,7653,105,0,2412,2424,2694,3126,3404,3649,4298,5077,0,0,0,0,0,0,0,0,2412,2412
Dublin Fingal,Brendan Ryan,M,The Labour Party,LAB.,LAB.,Elected,1,0,0,4056,0,0,6009,6054,6125,6193,6210,6358,6800,7794,8424,9406,0,0,0,0,0,0,6009,6009
Dublin Fingal,Clare Daly,F,Independents 4 Change,Others,I.4.C,Elected,1,0,0,585,0,0,9480,9552,9827,10566,10065,10065,10065,10065,10065,10065,0,0,0,0,0,0,9480,9480
Dublin Fingal,Darragh O'Brien,M,Fianna Fáil,F.F.,F.F.,Elected,1,0,1,0,0,0,10826,10065,10065,10065,10065,10065,10065,10065,10065,10065,0,0,0,0,0,0,10826,10826
Dublin Fingal,Dr. Gerry Molloy,M,Renua Ireland,Others,R.I.,Excluded,1,0,0,7974,426,0,2091,2139,2219,2326,2355,0,0,0,0,0,0,0,0,0,0,0,2091,2091
Dublin Fingal,Dr. Marcus De Brun,M,Non-Party,Others,NON-P.,Excluded,1,0,0,9438,1890,0,627,633,0,0,0,0,0,0,0,0,0,0,0,0,0,0,627,627
Dublin Fingal,Fergal O'Connell,M,Non-Party,Others,NON-P.,Excluded,1,0,0,10014,2466,0,51,52,0,0,0,0,0,0,0,0,0,0,0,0,0,0,51,51
Dublin Fingal,James Reilly,M,Fine Gael,F.G.,F.G.,Excluded,1,0,0,5399,0,0,4666,4699,4735,4767,4769,4955,5259,5549,5756,6215,0,0,0,0,0,0,4666,4666
Dublin Fingal,Joe O'Brien,M,Green Party,G.P.,G.P.,Excluded,1,0,0,7282,0,0,2783,2802,2964,3105,3125,3430,3758,0,0,0,0,0,0,0,0,0,2783,2783
Dublin Fingal,Lorraine Clifford-Lee,F,Fianna Fáil,F.F.,F.F.,Excluded,1,0,0,6706,0,0,3359,3788,3871,3937,3953,4339,4705,5099,5595,0,0,0,0,0,0,0,3359,3359
Dublin Fingal,Louise O'Reilly,F,Sinn Féin,S.F.,S.F.,Elected,1,0,0,4837,0,0,5228,5246,5314,5621,5719,5858,6193,6465,7911,8771,0,0,0,0,0,0,5228,5228
Dublin Fingal,Roslyn Fuller,F,Non-Party,Others,NON-P.,Excluded,1,0,0,9293,1745,0,772,775,0,0,0,0,0,0,0,0,0,0,0,0,0,0,772,772
Dublin Fingal,Terry Kelleher,M,Anti-Austerity Alliance,Others,AAA-PBP,Excluded,1,0,0,7998,450,0,2067,2076,2210,0,0,0,0,0,0,0,0,0,0,0,0,0,2067,2067
Dublin Fingal,Tony Murphy,M,Non-Party,Others,NON-P.,Excluded,1,0,0,7562,14,0,2503,2520,2679,2863,2896,3104,0,0,0,0,0,0,0,0,0,0,2503,2503
Dublin Mid West,Anne-Marie McNally,F,Social Democrats,Others,S.D.,Excluded,1,0,0,5988,0,0,2633,2730,2747,2766,2773,2804,2867,3048,3235,3679,4460,5320,0,0,0,0,2633,2633
Dublin Mid West,Christopher Healy,M,Direct Democracy,Others,D.D.I.,Excluded,1,0,0,8454,1989,0,167,179,180,0,0,0,0,0,0,0,0,0,0,0,0,0,167,167
Dublin Mid West,Clare Leonard,F,Non-Party,Others,NON-P.,Excluded,1,0,0,8263,1798,0,358,379,383,398,403,422,0,0,0,0,0,0,0,0,0,0,358,358
Dublin Mid West,Derek Keating,M,Fine Gael,F.G.,F.G.,Excluded,1,0,0,6284,0,0,2337,2356,2549,2559,2603,2636,2653,2696,2725,3640,4179,0,0,0,0,0,2337,2337
Dublin Mid West,Dr. Haroon Khan,M,Non-Party,Others,NON-P.,Excluded,1,0,0,8353,1888,0,268,272,273,275,0,0,0,0,0,0,0,0,0,0,0,0,268,268
Dublin Mid West,Eoin Ó Broin,M,Sinn Féin,S.F.,S.F.,Elected,1,0,1,0,0,0,9782,8621,8621,8621,8621,8621,8621,8621,8621,8621,8621,8621,0,0,0,0,9782,9782
Dublin Mid West,Frances Fitzgerald,F,Fine Gael,F.G.,F.G.,Elected,1,0,1,0,0,0,9028,9028,8621,8621,8621,8621,8621,8621,8621,8621,8621,8621,0,0,0,0,9028,9028
Dublin Mid West,Francis Timmons,M,Non-Party,Others,NON-P.,Excluded,1,0,0,7536,1071,0,1085,1195,1200,1210,1214,1233,1318,1422,0,0,0,0,0,0,0,0,1085,1085
Dublin Mid West,Gino Kenny,M,Anti-Austerity Alliance,Others,AAA-PBP,Elected,1,0,0,3992,0,0,4629,5257,5270,5321,5331,5397,5474,5791,6331,6542,7498,7911,0,0,0,0,4629,4629
Dublin Mid West,Joanna Tuffy,F,The Labour Party,LAB.,LAB.,Excluded,1,0,0,6475,10,0,2146,2175,2252,2259,2311,2342,2355,2475,2515,0,0,0,0,0,0,0,2146,2146
Dublin Mid West,John Curran,M,Fianna Fáil,F.F.,F.F.,Elected,1,0,0,1650,0,0,6971,7054,7109,7114,7145,7180,7218,7274,7383,7685,8287,9497,0,0,0,0,6971,6971
Dublin Mid West,Lorraine Hennessy,F,Workers Party,Others,W.P.,Excluded,1,0,0,8119,1654,0,502,553,555,568,570,584,613,0,0,0,0,0,0,0,0,0,502,502
Dublin Mid West,Patrick Akpoveta,M,Non-Party,Others,NON-P.,Excluded,1,0,0,8333,1868,0,288,307,311,318,343,0,0,0,0,0,0,0,0,0,0,0,288,288
Dublin Mid West,Paul Nicholas Gogarty,M,Non-Party,Others,NON-P.,Excluded,1,0,0,6099,0,0,2522,2593,2623,2646,2658,2700,2741,2863,3164,3505,0,0,0,0,0,0,2522,2522
Dublin Mid West,Tom Kivlehan,M,Green Party,G.P.,G.P.,Excluded,1,0,0,8233,1768,0,388,405,410,413,417,430,443,0,0,0,0,0,0,0,0,0,388,388
Dublin North West,Andrew Keegan,M,Anti-Austerity Alliance,Others,AAA-PBP,Excluded,1,0,0,7819,880,0,1434,1603,1865,2067,2525,0,0,0,0,0,0,0,0,0,0,0,1434,1434
Dublin North West,Bernie Hughes,F,Non-Party,Others,NON-P.,Excluded,1,0,0,8133,1194,0,1120,1182,1346,1455,0,0,0,0,0,0,0,0,0,0,0,0,1120,1120
Dublin North West,Caroline Conroy,F,Green Party,G.P.,G.P.,Excluded,1,0,0,8338,1399,0,915,1030,1120,0,0,0,0,0,0,0,0,0,0,0,0,0,915,915
Dublin North West,Cathleen Carney Boud,F,Sinn Féin,S.F.,S.F.,Excluded,1,0,0,6816,0,0,2437,2507,2572,2642,2783,3325,0,0,0,0,0,0,0,0,0,0,2437,2437
Dublin North West,Cormac McKay,M,Direct Democracy,Others,D.D.I.,Excluded,1,0,0,9095,2156,0,158,188,0,0,0,0,0,0,0,0,0,0,0,0,0,0,158,158
Dublin North West,Dessie Ellis,M,Sinn Féin,S.F.,S.F.,Elected,1,0,0,1682,0,0,7571,7724,7847,7884,8358,8924,11638,9253,9253,0,0,0,0,0,0,0,7571,7571
Dublin North West,Jimmy Dignam,M,Workers Party,Others,W.P.,Excluded,1,0,0,8561,1622,0,692,763,0,0,0,0,0,0,0,0,0,0,0,0,0,0,692,692
Dublin North West,John Lyons,M,Anti-Austerity Alliance,Others,AAA-PBP,Excluded,1,0,0,6503,0,0,2750,2956,3038,3339,3420,3739,3852,4281,0,0,0,0,0,0,0,0,2750,2750
Dublin North West,Noel Rock,M,Fine Gael,F.G.,F.G.,Elected,1,0,0,4611,0,0,4642,4841,4878,5072,5102,5247,5287,5431,7563,0,0,0,0,0,0,0,4642,4642
Dublin North West,Paul Mcauliffe,M,Fianna Fáil,F.F.,F.F.,Excluded,1,0,0,4503,0,0,4750,4962,5018,5124,5207,5401,5514,5941,6907,0,0,0,0,0,0,0,4750,4750
Dublin North West,Róisín Shortall,F,Social Democrats,Others,S.D.,Elected,1,0,1,0,0,0,10540,9253,9253,9253,9253,9253,9253,9253,9253,0,0,0,0,0,0,0,10540,10540
Dublin Rathdown,Alan Daveron,M,Renua Ireland,Others,R.I.,Excluded,1,0,0,9220,1514,0,1055,0,0,0,0,0,0,0,0,0,0,0,0,0,0,0,1055,1055
Dublin Rathdown,Alan Shatter,M,Fine Gael,F.G.,F.G.,Excluded,1,0,0,4370,0,0,5905,5979,6195,6268,7745,8444,0,0,0,0,0,0,0,0,0,0,5905,5905
Dublin Rathdown,Alex White,M,The Labour Party,LAB.,LAB.,Excluded,1,0,0,6227,0,0,4048,4080,4258,4436,0,0,0,0,0,0,0,0,0,0,0,0,4048,4048
Dublin Rathdown,Catherine Martin,F,Green Party,G.P.,G.P.,Elected,1,0,0,6153,0,0,4122,4314,4812,6105,7255,9421,0,0,0,0,0,0,0,0,0,0,4122,4122
Dublin Rathdown,Josepha Madigan,F,Fine Gael,F.G.,F.G.,Elected,1,0,0,3607,0,0,6668,6835,7180,7290,8579,9488,0,0,0,0,0,0,0,0,0,0,6668,6668
Dublin Rathdown,Mary White,F,Fianna Fáil,F.F.,F.F.,Excluded,1,0,0,6055,0,0,4220,4325,4761,5165,5463,0,0,0,0,0,0,0,0,0,0,0,4220,4220
Dublin Rathdown,Peter Mathews,M,Non-Party,Others,NON-P.,Excluded,1,0,0,8254,548,0,2021,2241,0,0,0,0,0,0,0,0,0,0,0,0,0,0,2021,2021
Dublin Rathdown,Shane Ross,M,Non-Party,Others,NON-P.,Elected,1,0,0,73,0,0,10202,10411,10411,10411,10411,10411,0,0,0,0,0,0,0,0,0,0,10202,10202
Dublin Rathdown,Sorcha Nic Cormaic,F,Sinn Féin,S.F.,S.F.,Excluded,1,0,0,7417,0,0,2858,2896,3076,0,0,0,0,0,0,0,0,0,0,0,0,0,2858,2858
Dublin South Central,Aengus Ó Snodaigh,M,Sinn Féin,S.F.,S.F.,Elected,1,0,0,1933,0,0,6639,6690,6715,6734,6927,7061,9566,8572,8572,8572,8572,0,0,0,0,0,6639,6639
Dublin South Central,Bríd Smith,F,Anti-Austerity Alliance,Others,AAA-PBP,Elected,1,0,0,4198,0,0,4374,4476,4527,4729,5193,5853,6208,6643,7410,7836,7879,0,0,0,0,0,4374,4374
Dublin South Central,Catherine Ardagh,F,Fianna Fáil,F.F.,F.F.,Excluded,1,0,0,3131,0,0,5441,5508,5698,5817,6064,6439,6556,6617,7116,7841,7844,0,0,0,0,0,5441,5441
Dublin South Central,Catherine Byrne,F,Fine Gael,F.G.,F.G.,Elected,1,0,0,2442,0,0,6130,6154,6317,6516,6679,7037,7090,7111,9723,8572,8572,0,0,0,0,0,6130,6130
Dublin South Central,Eric Byrne,M,The Labour Party,LAB.,LAB.,Excluded,1,0,0,5275,0,0,3297,3314,3372,3645,3822,4481,4531,4558,0,0,0,0,0,0,0,0,3297,3297
Dublin South Central,Joan Collins,F,Independents 4 Change,Others,I.4.C,Elected,1,0,0,2377,0,0,6195,6303,6374,6461,7034,7666,8168,8618,8618,8618,8572,0,0,0,0,0,6195,6195
Dublin South Central,Liam Coyne,M,Social Democrats,Others,S.D.,Excluded,1,0,0,6138,0,0,2434,2486,2595,2998,3256,0,0,0,0,0,0,0,0,0,0,0,2434,2434
Dublin South Central,Máire Devine,F,Sinn Féin,S.F.,S.F.,Excluded,1,0,0,5240,0,0,3332,3363,3389,3423,3531,3686,0,0,0,0,0,0,0,0,0,0,3332,3332
Dublin South Central,Michael Gargan,M,Renua Ireland,Others,R.I.,Excluded,1,0,0,7679,1251,0,893,943,0,0,0,0,0,0,0,0,0,0,0,0,0,0,893,893
Dublin South Central,Neville Bradley,M,Direct Democracy,Others,D.D.I.,Excluded,1,0,0,8165,1737,0,407,0,0,0,0,0,0,0,0,0,0,0,0,0,0,0,407,407
Dublin South Central,Oisín Ó Halmhain,M,Green Party,G.P.,G.P.,Excluded,1,0,0,7162,734,0,1410,1431,1514,0,0,0,0,0,0,0,0,0,0,0,0,0,1410,1410
Dublin South Central,Paul Hand,M,Non-Party,Others,NON-P.,Excluded,1,0,0,6561,133,0,2011,2100,2222,2358,0,0,0,0,0,0,0,0,0,0,0,0,2011,2011
Dublin South Central,Richard Murray,M,Non-Party,Others,NON-P.,Excluded,1,0,0,8278,1850,0,294,0,0,0,0,0,0,0,0,0,0,0,0,0,0,0,294,294
Dublin South West,Anne-Marie Dermody,F,Fine Gael,F.G.,F.G.,Excluded,1,0,0,4749,0,0,6463,6467,6477,6496,6779,6889,6948,7087,7316,7337,7793,7835,7868,7911,9079,9503,6463,6463
Dublin South West,Colm Brophy,M,Fine Gael,F.G.,F.G.,Elected,1,0,0,4017,0,0,7195,7202,7213,7235,7576,7660,7758,8028,8193,8213,8655,8695,8724,8764,10126,10639,7195,7195
Dublin South West,Declan Burke,M,Non-Party,Others,NON-P.,Excluded,1,0,0,10697,2289,0,515,525,561,0,0,0,0,0,0,0,0,0,0,0,0,0,515,515
Dublin South West,Deirdre O'Donovan,F,Non-Party,Others,NON-P.,Excluded,1,0,0,9015,607,0,2197,2220,2261,2308,2326,2411,2534,2571,0,0,0,0,0,0,0,0,2197,2197
Dublin South West,Eamonn Maloney,M,Non-Party,Others,NON-P.,Excluded,1,0,0,9585,1177,0,1627,1628,1638,1671,1722,1748,0,0,0,0,0,0,0,0,0,0,1627,1627
Dublin South West,Francis Noel Duffy,M,Green Party,G.P.,G.P.,Excluded,1,0,0,9915,1507,0,1297,1303,1307,1332,1337,0,0,0,0,0,0,0,0,0,0,0,1297,1297
Dublin South West,Frank O'Gorman,M,Non-Party,Others,NON-P.,Excluded,1,0,0,11153,2745,0,59,0,0,0,0,0,0,0,0,0,0,0,0,0,0,0,59,59
Dublin South West,Joan Summerville-Molloy,F,Non-Party,Others,NON-P.,Excluded,1,0,0,11100,2692,0,112,0,0,0,0,0,0,0,0,0,0,0,0,0,0,0,112,112
Dublin South West,John Lahart,M,Fianna Fáil,F.F.,F.F.,Elected,1,0,0,1565,0,0,9647,9655,9678,9725,9772,9892,10045,10160,10506,10565,11402,11402,11402,11212,11212,11212,9647,9647
Dublin South West,Karen Warren,F,Fine Gael,F.G.,F.G.,Excluded,1,0,0,10124,1716,0,1088,1090,1096,1105,0,0,0,0,0,0,0,0,0,0,0,0,1088,1088
Dublin South West,Katherine Zappone,F,Non-Party,Others,NON-P.,Elected,1,0,0,6749,0,0,4463,4486,4515,4604,4660,4913,5131,5262,5731,5797,6129,6294,6724,6753,7542,9655,4463,4463
Dublin South West,Kieran Adam Quigley,M,Non-Party,Others,NON-P.,Excluded,1,0,0,10895,2487,0,317,329,0,0,0,0,0,0,0,0,0,0,0,0,0,0,317,317
Dublin South West,Mick Duff,M,The Labour Party,LAB.,LAB.,Excluded,1,0,0,9469,1061,0,1743,1743,1749,1776,1871,1947,2120,0,0,0,0,0,0,0,0,0,1743,1743
Dublin South West,Pamela Kearns,F,The Labour Party,LAB.,LAB.,Excluded,1,0,0,8577,169,0,2635,2640,2646,2658,2700,2883,2936,3796,3902,3933,4099,4116,4163,4182,0,0,2635,2635
Dublin South West,Paul Murphy,M,Anti-Austerity Alliance,Others,AAA-PBP,Elected,1,0,0,2207,0,0,9005,9020,9047,9194,9247,9316,9626,9758,10054,10366,10678,13528,11212,11212,11212,11212,9005,9005
Dublin South West,Peter Fitzpatrick,M,Fine Gael,F.G.,F.G.,Excluded,1,0,0,8400,0,0,2812,2829,2866,3064,3094,3210,3353,3433,3742,3799,4163,4332,4632,4677,4916,0,2812,2812
Dublin South West,Ronan McMahon,M,Renua Ireland,Others,R.I.,Excluded,1,0,0,8306,0,0,2906,2912,2952,3003,3026,3100,3208,3258,3518,3548,0,0,0,0,0,0,2906,2906
Dublin South West,Sandra Fay,F,Anti-Austerity Alliance,Others,AAA-PBP,Excluded,1,0,0,7971,0,0,3241,3244,3249,3312,3324,3374,3439,3492,3593,3725,3832,0,0,0,0,0,3241,3241
Dublin South West,Sarah Holland,F,Sinn Féin,S.F.,S.F.,Excluded,1,0,0,8596,188,0,2616,2621,2630,2667,2685,2721,2764,2792,2884,0,0,0,0,0,0,0,2616,2616
Dublin South West,Seán Crowe,M,Sinn Féin,S.F.,S.F.,Elected,1,0,0,4238,0,0,6974,6978,6983,7054,7070,7098,7230,7362,7413,9502,9642,9959,11068,11082,11245,11245,6974,6974
Dublin South West,Stephen Sinclair,M,Direct Democracy,Others,D.D.I.,Excluded,1,0,0,10853,2445,0,359,375,385,0,0,0,0,0,0,0,0,0,0,0,0,0,359,359
Dublin West,Catherine Noone,F,Fine Gael,F.G.,F.G.,Excluded,1,0,0,7317,1024,0,1074,1125,0,0,0,0,0,0,0,0,0,0,0,0,0,0,1074,1074
Dublin West,David McGuinness,M,Non-Party,Others,NON-P.,Excluded,1,0,0,5400,0,0,2991,3081,3112,3405,0,0,0,0,0,0,0,0,0,0,0,0,2991,2991
Dublin West,Dermot Casey,M,Non-Party,Others,NON-P.,Excluded,1,0,0,8166,1873,0,225,0,0,0,0,0,0,0,0,0,0,0,0,0,0,0,225,225
Dublin West,Jack Chambers,M,Fianna Fáil,F.F.,F.F.,Elected,1,0,0,1474,0,0,6917,7148,7236,7330,8315,0,0,0,0,0,0,0,0,0,0,0,6917,6917
Dublin West,Jo O'Brien,F,Renua Ireland,Others,R.I.,Excluded,1,0,0,7714,1421,0,677,0,0,0,0,0,0,0,0,0,0,0,0,0,0,0,677,677
Dublin West,Joan Burton,F,The Labour Party,LAB.,LAB.,Elected,1,0,0,1946,0,0,6445,6508,6690,6769,8009,0,0,0,0,0,0,0,0,0,0,0,6445,6445
Dublin West,Leo Varadkar,M,Fine Gael,F.G.,F.G.,Elected,1,0,0,144,0,0,8247,8328,9021,9021,9021,0,0,0,0,0,0,0,0,0,0,0,8247,8247
Dublin West,Paul Donnelly,M,Sinn Féin,S.F.,S.F.,Excluded,1,0,0,2357,0,0,6034,6073,6093,6188,7091,0,0,0,0,0,0,0,0,0,0,0,6034,6034
Dublin West,Roderic O'Gorman,M,Green Party,G.P.,G.P.,Excluded,1,0,0,6661,368,0,1730,1839,1864,2098,0,0,0,0,0,0,0,0,0,0,0,0,1730,1730
Dublin West,Ruth Coppinger,F,Anti-Austerity Alliance,Others,AAA-PBP,Elected,1,0,0,1871,0,0,6520,6626,6668,7011,8548,0,0,0,0,0,0,0,0,0,0,0,6520,6520
Dublin West,Tj Clare,M,Non-Party,Others,NON-P.,Excluded,1,0,0,7299,1006,0,1092,1191,1214,0,0,0,0,0,0,0,0,0,0,0,0,0,1092,1092
Dún Laoghaire,Carol Hunt,F,Non-Party,Others,NON-P.,Excluded,1,0,0,11658,551,0,3152,3410,3610,0,0,0,0,0,0,0,0,0,0,0,0,0,3152,3152
Dún Laoghaire,Carrie Smyth,F,The Labour Party,LAB.,LAB.,Excluded,1,0,0,9618,0,0,5192,5296,5385,5739,6895,7165,0,0,0,0,0,0,0,0,0,0,5192,5192
Dún Laoghaire,Cormac Devlin,M,Fianna Fáil,F.F.,F.F.,Excluded,1,0,0,10145,0,0,4665,4877,5055,5265,5564,0,0,0,0,0,0,0,0,0,0,0,4665,4665
Dún Laoghaire,Frank Cronin,M,Renua Ireland,Others,R.I.,Excluded,1,0,0,12998,1891,0,1812,0,0,0,0,0,0,0,0,0,0,0,0,0,0,0,1812,1812
Dún Laoghaire,Maria Bailey,F,Fine Gael,F.G.,F.G.,Elected,1,0,0,4321,0,0,10489,10882,10934,11270,11854,12422,15198,0,0,0,0,0,0,0,0,0,10489,10489
Dún Laoghaire,Mary Hanafin,F,Fianna Fáil,F.F.,F.F.,Excluded,1,0,0,8332,0,0,6478,6709,6792,6986,7290,10221,10969,0,0,0,0,0,0,0,0,0,6478,6478
Dún Laoghaire,Mary Mitchell O'Connor,F,Fine Gael,F.G.,F.G.,Elected,1,0,0,3993,0,0,10817,11088,11130,11433,11967,12393,14941,0,0,0,0,0,0,0,0,0,10817,10817
Dún Laoghaire,Ossian Smyth,M,Green Party,G.P.,G.P.,Excluded,1,0,0,11332,225,0,3478,3677,3833,4750,0,0,0,0,0,0,0,0,0,0,0,0,3478,3478
Dún Laoghaire,Raymond Whitehead,M,Direct Democracy,Others,D.D.I.,Excluded,1,0,0,14597,3490,0,213,0,0,0,0,0,0,0,0,0,0,0,0,0,0,0,213,213
Dún Laoghaire,Richard Boyd Barrett,M,Anti-Austerity Alliance,Others,AAA-PBP,Elected,1,0,0,5035,0,0,9775,10008,12215,13287,14761,15718,15718,0,0,0,0,0,0,0,0,0,9775,9775
Dún Laoghaire,Shane O'Brien,M,Sinn Féin,S.F.,S.F.,Excluded,1,0,0,11643,536,0,3167,3209,0,0,0,0,0,0,0,0,0,0,0,0,0,0,3167,3167
Galway East,Aengus Melia,M,Direct Democracy,Others,D.D.I.,Excluded,1,0,0,10821,2339,0,489,0,0,0,0,0,0,0,0,0,0,0,0,0,0,0,489,489
Galway East,Anne Rabbitte,F,Fianna Fáil,F.F.,F.F.,Elected,1,0,0,4382,0,0,6928,6995,7566,7966,8791,12255,12255,0,0,0,0,0,0,0,0,0,6928,6928
Galway East,Annemarie Roche,F,Sinn Féin,S.F.,S.F.,Excluded,1,0,0,8627,145,0,2683,2966,3159,0,0,0,0,0,0,0,0,0,0,0,0,0,2683,2683
Galway East,Ciarán Cannon,M,Fine Gael,F.G.,F.G.,Elected,1,0,0,4187,0,0,7123,7220,7650,7812,9519,9920,10157,0,0,0,0,0,0,0,0,0,7123,7123
Galway East,Colm Keaveney,M,Fianna Fáil,F.F.,F.F.,Excluded,1,0,0,5874,0,0,5436,5511,5823,6127,6700,0,0,0,0,0,0,0,0,0,0,0,5436,5436
Galway East,Lorraine Higgins,F,The Labour Party,LAB.,LAB.,Excluded,1,0,0,6779,0,0,4531,4792,5080,5470,0,0,0,0,0,0,0,0,0,0,0,0,4531,4531
Galway East,Máiréad Ní Chróinín,F,Green Party,G.P.,G.P.,Excluded,1,0,0,10541,2059,0,769,0,0,0,0,0,0,0,0,0,0,0,0,0,0,0,769,769
Galway East,Michael Fahy,M,Non-Party,Others,NON-P.,Excluded,1,0,0,8952,470,0,2358,2418,0,0,0,0,0,0,0,0,0,0,0,0,0,0,2358,2358
Galway East,Paul Connaughton,M,Fine Gael,F.G.,F.G.,Excluded,1,0,0,4836,0,0,6474,6536,6689,6812,7866,8361,8853,0,0,0,0,0,0,0,0,0,6474,6474
Galway East,Seán Canney,M,Non-Party,Others,NON-P.,Elected,1,0,0,2863,0,0,8447,8713,9072,10196,10969,12707,11310,0,0,0,0,0,0,0,0,0,8447,8447
Galway West,Catherine Martina Ann Connolly,F,Non-Party,Others,NON-P.,Elected,1,0,0,5835,0,0,4877,4909,4982,5178,5325,5450,5818,6330,6461,7123,7138,8877,9842,10239,0,0,4877,4877
Galway West,Derek Nolan,M,The Labour Party,LAB.,LAB.,Excluded,1,0,0,7492,0,0,3220,3233,3261,3300,3332,3380,3624,3737,3787,0,0,0,0,0,0,0,3220,3220
Galway West,Dr. Fidelma Healy Eames,F,Non-Party,Others,NON-P.,Excluded,1,0,0,9318,1285,0,1394,1445,1594,1620,1657,0,0,0,0,0,0,0,0,0,0,0,1394,1394
Galway West,Éamon Ó Cuív,M,Fianna Fáil,F.F.,F.F.,Elected,1,0,0,1173,0,0,9539,9574,9679,9701,9763,10022,10079,10175,11103,11103,10712,10712,10712,10712,0,0,9539,9539
Galway West,Hildegarde Naughton,F,Fine Gael,F.G.,F.G.,Elected,1,0,0,6145,0,0,4567,4582,4676,4691,4759,4964,5097,5175,5298,6083,6094,6626,7024,9129,0,0,4567,4567
Galway West,James Charity,M,Non-Party,Others,NON-P.,Excluded,1,0,0,9541,1508,0,1171,1188,1227,1267,0,0,0,0,0,0,0,0,0,0,0,0,1171,1171
Galway West,John Connolly,M,Fianna Fáil,F.F.,F.F.,Excluded,1,0,0,6827,0,0,3885,3901,3951,3973,4019,4160,4203,4351,4873,5059,5304,5614,0,0,0,0,3885,3885
Galway West,John O Mahony,M,Fine Gael,F.G.,F.G.,Excluded,1,0,0,5978,0,0,4734,4744,4788,4795,4859,4915,4965,4996,5222,5551,5591,5852,6122,0,0,0,4734,4734
Galway West,Mary Hoade,F,Fianna Fáil,F.F.,F.F.,Excluded,1,0,0,8507,474,0,2205,2213,2248,2254,2549,2636,2644,2673,0,0,0,0,0,0,0,0,2205,2205
Galway West,Mike Cubbard,M,Non-Party,Others,NON-P.,Excluded,1,0,0,8590,557,0,2122,2146,2166,2309,2390,2436,2533,0,0,0,0,0,0,0,0,0,2122,2122
Galway West,Niall Ó Tuathail,M,Social Democrats,Others,S.D.,Excluded,1,0,0,7257,0,0,3455,3488,3566,3734,3803,3850,4344,4674,4725,5269,5278,0,0,0,0,0,3455,3455
Galway West,Nicola Daveron,F,Renua Ireland,Others,R.I.,Excluded,1,0,0,9718,1685,0,994,1025,0,0,0,0,0,0,0,0,0,0,0,0,0,0,994,994
Galway West,Noel Grealish,M,Non-Party,Others,NON-P.,Elected,1,0,0,3525,0,0,7187,7208,7308,7359,7522,7945,8020,8461,8830,9136,9186,9711,11073,11073,0,0,7187,7187
Galway West,Patrick Feeney,M,Non-Party,Others,NON-P.,Excluded,1,0,0,10690,2657,0,22,0,0,0,0,0,0,0,0,0,0,0,0,0,0,0,22,22
Galway West,Ruairí O'Neill,M,Direct Democracy,Others,D.D.I.,Excluded,1,0,0,10560,2527,0,152,0,0,0,0,0,0,0,0,0,0,0,0,0,0,0,152,152
Galway West,Séamus Sheridan,M,Green Party,G.P.,G.P.,Excluded,1,0,0,9124,1091,0,1588,1617,1667,1755,1779,1813,0,0,0,0,0,0,0,0,0,0,1588,1588
Galway West,Seán Kyne,M,Fine Gael,F.G.,F.G.,Elected,1,0,0,4576,0,0,6136,6148,6232,6245,6292,6355,6444,6506,6587,7201,7209,7656,8171,10590,0,0,6136,6136
Galway West,Tommy Holohan,M,Anti-Austerity Alliance,Others,AAA-PBP,Excluded,1,0,0,9695,1662,0,1017,1047,1071,0,0,0,0,0,0,0,0,0,0,0,0,0,1017,1017
Galway West,Tommy Roddy,M,Non-Party,Others,NON-P.,Excluded,1,0,0,10461,2428,0,251,0,0,0,0,0,0,0,0,0,0,0,0,0,0,0,251,251
Galway West,Trevor Ó Clochartaigh,M,Sinn Féin,S.F.,S.F.,Excluded,1,0,0,4957,0,0,5755,5788,5815,6017,6108,6162,6261,6661,6721,6833,6846,7468,7911,8077,0,0,5755,5755
Kerry,Arthur J. Spring,M,The Labour Party,LAB.,LAB.,Excluded,1,0,0,8400,0,0,4813,5011,5036,5067,5093,5281,5356,5601,5877,6139,0,0,0,0,0,0,4813,4813
Kerry,Brendan Griffin,M,Fine Gael,F.G.,F.G.,Elected,1,0,0,3539,0,0,9674,10381,10520,10608,10661,10872,10999,11223,11396,12545,14050,0,0,0,0,0,9674,9674
Kerry,Brian Finucane,M,Anti-Austerity Alliance,Others,AAA-PBP,Excluded,1,0,0,12232,2323,0,981,1046,1058,1129,1161,1169,1261,1429,0,0,0,0,0,0,0,0,981,981
Kerry,Danny Healy-Rae,M,Non-Party,Others,NON-P.,Elected,1,0,0,3222,0,0,9991,13826,13213,13213,13213,13213,13213,13213,13213,13213,13213,0,0,0,0,0,9991,9991
Kerry,Donal Corcoran,M,Renua Ireland,Others,R.I.,Excluded,1,0,0,12497,2588,0,716,769,780,801,886,900,0,0,0,0,0,0,0,0,0,0,716,716
Kerry,Grace O'Donnell,F,Fine Gael,F.G.,F.G.,Excluded,1,0,0,12437,2528,0,776,817,827,836,854,0,0,0,0,0,0,0,0,0,0,0,776,776
Kerry,Henry Gaynor,M,Non-Party,Others,NON-P.,Excluded,1,0,0,13066,3157,0,147,155,158,0,0,0,0,0,0,0,0,0,0,0,0,0,147,147
Kerry,Jimmy Deenihan,M,Fine Gael,F.G.,F.G.,Excluded,1,0,0,6724,0,0,6489,6827,6872,6901,6944,7168,7257,7326,7630,7849,9779,0,0,0,0,0,6489,6489
Kerry,John Brassil,M,Fianna Fáil,F.F.,F.F.,Elected,1,0,0,5057,0,0,8156,8642,8719,8764,8957,9005,9137,9242,9495,11955,12792,0,0,0,0,0,8156,8156
Kerry,Kevin Murphy,M,Non-Party,Others,NON-P.,Excluded,1,0,0,12749,2840,0,464,491,505,0,0,0,0,0,0,0,0,0,0,0,0,0,464,464
Kerry,Martin Ferris,M,Sinn Féin,S.F.,S.F.,Elected,1,0,0,3755,0,0,9458,10098,10214,10321,10364,10418,10490,10583,11722,12184,12964,0,0,0,0,0,9458,9458
Kerry,Mary Elizabeth Fitzgibbon,F,Non-Party,Others,NON-P.,Excluded,1,0,0,12578,2669,0,635,690,707,752,0,0,0,0,0,0,0,0,0,0,0,0,635,635
Kerry,Michael Fitzgerald,M,Green Party,G.P.,G.P.,Excluded,1,0,0,12202,2293,0,1011,1050,1059,1085,1123,1135,1222,0,0,0,0,0,0,0,0,0,1011,1011
Kerry,Michael Healy-Rae,M,Non-Party,Others,NON-P.,Elected,1,0,1,0,0,0,20378,13213,13213,13213,13213,13213,13213,13213,13213,13213,13213,0,0,0,0,0,20378,20378
Kerry,Michael Pixie O'Gorman,M,Non-Party,Others,NON-P.,Excluded,1,0,0,11977,2068,0,1236,1364,1380,1487,1529,1536,1589,1674,0,0,0,0,0,0,0,0,1236,1236
Kerry,Norma Moriarty,F,Fianna Fáil,F.F.,F.F.,Excluded,1,0,0,8865,0,0,4348,4893,5012,5032,5081,5114,5172,5252,5392,0,0,0,0,0,0,0,4348,4348
Kildare North,Anthony Lawlor,M,Fine Gael,F.G.,F.G.,Excluded,1,0,0,4382,0,0,5406,5490,5544,5572,5714,5767,6046,6213,7402,0,0,0,0,0,0,0,5406,5406
Kildare North,Ashling Merriman,F,Anti-Austerity Alliance,Others,AAA-PBP,Excluded,1,0,0,9007,1667,0,781,873,943,0,0,0,0,0,0,0,0,0,0,0,0,0,781,781
Kildare North,Bernard Durkan,M,Fine Gael,F.G.,F.G.,Elected,1,0,0,3641,0,0,6147,6268,6302,6322,6472,6534,6740,6974,8890,0,0,0,0,0,0,0,6147,6147
Kildare North,Brendan Young,M,Non-Party,Others,NON-P.,Excluded,1,0,0,8588,1248,0,1200,1323,1467,1737,1858,0,0,0,0,0,0,0,0,0,0,0,1200,1200
Kildare North,Catherine Murphy,F,Social Democrats,Others,S.D.,Elected,1,0,1,0,0,0,11108,9788,9788,9788,9788,9788,9788,9788,9788,0,0,0,0,0,0,0,11108,11108
Kildare North,Elizabeth O'Sullivan,F,Non-Party,Others,NON-P.,Excluded,1,0,0,9689,2349,0,99,119,0,0,0,0,0,0,0,0,0,0,0,0,0,0,99,99
Kildare North,Emmet Stagg,M,The Labour Party,LAB.,LAB.,Excluded,1,0,0,5701,0,0,4087,4288,4349,4408,4488,4632,5181,5775,0,0,0,0,0,0,0,0,4087,4087
Kildare North,Frank O'Rourke,M,Fianna Fáil,F.F.,F.F.,Elected,1,0,0,3447,0,0,6341,6486,6528,6562,6711,6879,7138,7684,8479,0,0,0,0,0,0,0,6341,6341
Kildare North,Ger Dunne,M,Non-Party,Others,NON-P.,Excluded,1,0,0,9539,2199,0,249,261,0,0,0,0,0,0,0,0,0,0,0,0,0,0,249,249
Kildare North,James Lawless,M,Fianna Fáil,F.F.,F.F.,Elected,1,0,0,2327,0,0,7461,7592,7696,7737,7919,8003,8256,8850,9444,0,0,0,0,0,0,0,7461,7461
Kildare North,Maebh Ní Fhallúin,F,Green Party,G.P.,G.P.,Excluded,1,0,0,8303,963,0,1485,1649,1715,1804,2020,2419,0,0,0,0,0,0,0,0,0,0,1485,1485
Kildare North,Michael Beirne,M,Non-Party,Others,NON-P.,Excluded,1,0,0,9416,2076,0,372,389,0,0,0,0,0,0,0,0,0,0,0,0,0,0,372,372
Kildare North,Réada Cronin,F,Sinn Féin,S.F.,S.F.,Excluded,1,0,0,6583,0,0,3205,3323,3390,3621,3708,4146,4497,0,0,0,0,0,0,0,0,0,3205,3205
Kildare North,Shane Fitzgerald,M,Renua Ireland,Others,R.I.,Excluded,1,0,0,8794,1454,0,994,1086,1154,1236,0,0,0,0,0,0,0,0,0,0,0,0,994,994
Kildare South,Declan Crowe,M,Non-Party,Others,NON-P.,Excluded,1,0,0,7054,157,0,2143,2609,0,0,0,0,0,0,0,0,0,0,0,0,0,0,2143,2143
Kildare South,Fiona McLoughlin Healy,F,Fine Gael,F.G.,F.G.,Excluded,1,0,0,5947,0,0,3250,3416,3554,0,0,0,0,0,0,0,0,0,0,0,0,0,3250,3250
Kildare South,Fiona O'Loughlin,F,Fianna Fáil,F.F.,F.F.,Elected,1,0,0,2291,0,0,6906,7073,7373,7905,8149,8974,0,0,0,0,0,0,0,0,0,0,6906,6906
Kildare South,Mark Wall,M,The Labour Party,LAB.,LAB.,Excluded,1,0,0,4920,0,0,4277,4504,4764,5154,5806,6864,0,0,0,0,0,0,0,0,0,0,4277,4277
Kildare South,Martin Heydon,M,Fine Gael,F.G.,F.G.,Elected,1,0,0,1346,0,0,7851,8048,8297,10321,9197,9197,0,0,0,0,0,0,0,0,0,0,7851,7851
Kildare South,Mary Kennedy,F,Renua Ireland,Others,R.I.,Excluded,1,0,0,8410,1513,0,787,0,0,0,0,0,0,0,0,0,0,0,0,0,0,0,787,787
Kildare South,Patricia Ryan,F,Sinn Féin,S.F.,S.F.,Excluded,1,0,0,4930,0,0,4267,4459,5294,5434,5485,0,0,0,0,0,0,0,0,0,0,0,4267,4267
Kildare South,Seán Ó Fearghaíl,M,Fianna Fáil,F.F.,F.F.,Elected,1,0,0,2728,0,0,6469,6583,6891,7166,7343,8220,0,0,0,0,0,0,0,0,0,0,6469,6469
Kildare South,Suzanne McEneaney,F,Green Party,G.P.,G.P.,Excluded,1,0,0,8361,1464,0,836,0,0,0,0,0,0,0,0,0,0,0,0,0,0,0,836,836
Laois,Brian Stanley,M,Sinn Féin,S.F.,S.F.,Elected,1,0,0,1476,0,0,8242,9562,10092,0,0,0,0,0,0,0,0,0,0,0,0,0,8242,8242
Laois,Charlie Flanagan,M,Fine Gael,F.G.,F.G.,Elected,1,0,0,1348,0,0,8370,9298,9525,0,0,0,0,0,0,0,0,0,0,0,0,0,8370,8370
Laois,John Whelan,M,The Labour Party,LAB.,LAB.,Excluded,1,0,0,6862,0,0,2856,3394,3896,0,0,0,0,0,0,0,0,0,0,0,0,0,2856,2856
Laois,Seán Fleming,M,Fianna Fáil,F.F.,F.F.,Elected,1,0,1,0,0,0,13626,9718,9718,0,0,0,0,0,0,0,0,0,0,0,0,0,13626,13626
Laois,Sinead Moore,F,Green Party,G.P.,G.P.,Excluded,1,0,0,8177,889,0,1541,2161,0,0,0,0,0,0,0,0,0,0,0,0,0,0,1541,1541
Laois,Thomasina Connell,F,Fine Gael,F.G.,F.G.,Excluded,1,0,0,5485,0,0,4233,4735,5140,0,0,0,0,0,0,0,0,0,0,0,0,0,4233,4233
Limerick City,Cian Prendiville,M,Anti-Austerity Alliance,Others,AAA-PBP,Excluded,1,0,0,4769,0,0,4584,5244,5496,6724,0,0,0,0,0,0,0,0,0,0,0,0,4584,4584
Limerick City,Denis Riordan,M,Non-Party,Others,NON-P.,Excluded,1,0,0,9275,2261,0,78,88,0,0,0,0,0,0,0,0,0,0,0,0,0,0,78,78
Limerick City,Des Hayes,M,Non-Party,Others,NON-P.,Excluded,1,0,0,9099,2085,0,254,314,0,0,0,0,0,0,0,0,0,0,0,0,0,0,254,254
Limerick City,James Gaffney,M,Green Party,G.P.,G.P.,Excluded,1,0,0,8389,1375,0,964,1081,0,0,0,0,0,0,0,0,0,0,0,0,0,0,964,964
Limerick City,Jan O'Sullivan,F,The Labour Party,LAB.,LAB.,Elected,1,0,0,4126,0,0,5227,5838,6166,7001,7722,8187,0,0,0,0,0,0,0,0,0,0,5227,5227
Limerick City,Kieran O'Donnell,M,Fine Gael,F.G.,F.G.,Excluded,1,0,0,3306,0,0,6047,6545,6830,7177,7512,7849,0,0,0,0,0,0,0,0,0,0,6047,6047
Limerick City,Maurice Quinlivan,M,Sinn Féin,S.F.,S.F.,Elected,1,0,0,3459,0,0,5894,6527,6651,7025,10517,9353,0,0,0,0,0,0,0,0,0,0,5894,5894
Limerick City,Michael Noonan,M,Fine Gael,F.G.,F.G.,Elected,1,0,0,2059,0,0,7294,7909,8221,8591,9018,9311,0,0,0,0,0,0,0,0,0,0,7294,7294
Limerick City,Nora Bennis,F,Catholic Democrats,Others,C.D.,Excluded,1,0,0,8680,1666,0,673,823,0,0,0,0,0,0,0,0,0,0,0,0,0,0,673,673
Limerick City,Sarah Jane Hennelly,F,Social Democrats,Others,S.D.,Excluded,1,0,0,6606,0,0,2747,3039,3620,0,0,0,0,0,0,0,0,0,0,0,0,0,2747,2747
Limerick City,Willie O'Dea,M,Fianna Fáil,F.F.,F.F.,Elected,1,0,1,0,0,0,12999,9353,9353,9353,9353,9353,0,0,0,0,0,0,0,0,0,0,12999,12999
Limerick County,Alexander Storey-Cosgrave,M,Green Party,G.P.,G.P.,Excluded,1,0,0,10793,2466,0,311,321,0,0,0,0,0,0,0,0,0,0,0,0,0,0,311,311
Limerick County,Emmett O'Brien,M,Non-Party,Others,NON-P.,Excluded,1,0,0,5672,0,0,5432,5737,5879,6676,7569,9481,0,0,0,0,0,0,0,0,0,0,5432,5432
Limerick County,James Heffernan,M,Social Democrats,Others,S.D.,Excluded,1,0,0,7834,0,0,3270,3463,3698,4319,5662,0,0,0,0,0,0,0,0,0,0,0,3270,3270
Limerick County,John O'Gorman,M,Non-Party,Others,NON-P.,Excluded,1,0,0,10897,2570,0,207,219,0,0,0,0,0,0,0,0,0,0,0,0,0,0,207,207
Limerick County,Mark Keogh,M,Direct Democracy,Others,D.D.I.,Excluded,1,0,0,10882,2555,0,222,231,0,0,0,0,0,0,0,0,0,0,0,0,0,0,222,222
Limerick County,Niall Collins,M,Fianna Fáil,F.F.,F.F.,Elected,1,0,1,0,0,0,12276,11104,11104,11104,11104,11104,0,0,0,0,0,0,0,0,0,0,12276,12276
Limerick County,Patrick O'Donovan,M,Fine Gael,F.G.,F.G.,Elected,1,0,0,2625,0,0,8479,8637,8712,9183,9498,10291,0,0,0,0,0,0,0,0,0,0,8479,8479
Limerick County,Richard O'Donoghue,M,Non-Party,Others,NON-P.,Excluded,1,0,0,8249,0,0,2855,3021,3118,0,0,0,0,0,0,0,0,0,0,0,0,0,2855,2855
Limerick County,Seamus Browne,M,Sinn Féin,S.F.,S.F.,Excluded,1,0,0,7757,0,0,3347,3465,3550,3783,0,0,0,0,0,0,0,0,0,0,0,0,3347,3347
Limerick County,Tom Neville,M,Fine Gael,F.G.,F.G.,Elected,1,0,0,3091,0,0,8013,8214,8291,8874,9217,10369,0,0,0,0,0,0,0,0,0,0,8013,8013
Longford Westmeath,Barbara Smyth,F,Non-Party,Others,NON-P.,Excluded,1,0,0,10754,2467,0,296,299,308,312,0,0,0,0,0,0,0,0,0,0,0,0,296,296
Longford Westmeath,Brian Fagan,M,Non-Party,Others,NON-P.,Excluded,1,0,0,10153,1866,0,897,920,934,951,964,1022,1052,0,0,0,0,0,0,0,0,0,897,897
Longford Westmeath,Connie Gerety-Quinn,F,Fianna Fáil,F.F.,F.F.,Excluded,1,0,0,7107,0,0,3943,4164,4168,4177,4187,4196,4267,4298,4371,4704,4765,5918,0,0,0,0,3943,3943
Longford Westmeath,Dominic Parker,M,Anti-Austerity Alliance,Others,AAA-PBP,Excluded,1,0,0,10544,2257,0,506,510,532,549,591,0,0,0,0,0,0,0,0,0,0,0,506,506
Longford Westmeath,Donal Jackson,M,Non-Party,Others,NON-P.,Excluded,1,0,0,10999,2712,0,51,51,0,0,0,0,0,0,0,0,0,0,0,0,0,0,51,51
Longford Westmeath,Gabrielle McFadden,F,Fine Gael,F.G.,F.G.,Excluded,1,0,0,8214,0,0,2836,2844,2848,2858,2869,2874,2907,2917,2993,3027,0,0,0,0,0,0,2836,2836
Longford Westmeath,James Bannon,M,Fine Gael,F.G.,F.G.,Excluded,1,0,0,6411,0,0,4639,4649,4653,4655,4659,4662,4693,4701,4765,4974,5425,5944,7071,7081,0,0,4639,4639
Longford Westmeath,James Miller,M,Non-Party,Others,NON-P.,Excluded,1,0,0,10842,2555,0,208,211,230,0,0,0,0,0,0,0,0,0,0,0,0,0,208,208
Longford Westmeath,James Morgan,M,Non-Party,Others,NON-P.,Excluded,1,0,0,7721,0,0,3329,3344,3356,3367,3423,3443,3492,3531,3657,4316,4340,0,0,0,0,0,3329,3329
Longford Westmeath,Kevin 'Boxer' Moran,M,Non-Party,Others,NON-P.,Elected,1,0,0,3464,0,0,7586,7660,7674,7716,7735,7840,7962,8136,8343,8488,9246,10109,11122,11050,11050,0,7586,7586
Longford Westmeath,Mae Sexton,F,Non-Party,Others,NON-P.,Excluded,1,0,0,9404,1117,0,1646,1654,1657,1662,1729,1755,1781,1822,1895,0,0,0,0,0,0,0,1646,1646
Longford Westmeath,Manchán Magan,M,Green Party,G.P.,G.P.,Excluded,1,0,0,9948,1661,0,1102,1109,1120,1132,1155,1233,1259,1393,0,0,0,0,0,0,0,0,1102,1102
Longford Westmeath,Noel McKervey,M,Catholic Democrats,Others,C.D.,Excluded,1,0,0,10396,2109,0,654,658,664,672,676,686,0,0,0,0,0,0,0,0,0,0,654,654
Longford Westmeath,Paul Hogan,M,Sinn Féin,S.F.,S.F.,Excluded,1,0,0,5780,0,0,5270,5306,5340,5369,5401,5601,5627,5778,5903,6032,6103,6636,7366,7386,7824,0,5270,5270
Longford Westmeath,Peter Burke,M,Fine Gael,F.G.,F.G.,Elected,1,0,0,5369,0,0,5681,5749,5755,5772,5777,5785,5898,6072,6244,6289,7451,7633,7880,7890,11385,0,5681,5681
Longford Westmeath,Robert Troy,M,Fianna Fáil,F.F.,F.F.,Elected,1,0,1,0,0,0,11653,11050,11050,11050,11050,11050,11050,11050,11050,11050,11050,11050,11050,11050,11050,0,11653,11653
Longford Westmeath,Stephanie Healy,F,Direct Democracy,Others,D.D.I.,Excluded,1,0,0,10918,2631,0,132,132,0,0,0,0,0,0,0,0,0,0,0,0,0,0,132,132
Longford Westmeath,Willie Penrose,M,The Labour Party,LAB.,LAB.,Elected,1,0,0,6233,0,0,4817,4936,4943,4975,4981,5010,5034,5180,5498,5637,6036,6355,7055,7087,8505,0,4817,4817
Louth,Anthony Connor,M,Direct Democracy,Others,D.D.I.,Excluded,1,0,0,10579,2138,0,676,0,0,0,0,0,0,0,0,0,0,0,0,0,0,0,676,676
Louth,David Bradley,M,Non-Party,Others,NON-P.,Excluded,1,0,0,10936,2495,0,319,0,0,0,0,0,0,0,0,0,0,0,0,0,0,0,319,319
Louth,Declan Breathnach,M,Fianna Fáil,F.F.,F.F.,Elected,1,0,0,2156,0,0,9099,9146,9220,9609,9931,12192,11255,11255,11255,11255,11255,0,0,0,0,0,9099,9099
Louth,Emma Coffey,F,Fianna Fáil,F.F.,F.F.,Excluded,1,0,0,7833,0,0,3422,3442,3496,3622,3819,0,0,0,0,0,0,0,0,0,0,0,3422,3422
Louth,Fergus O'Dowd,M,Fine Gael,F.G.,F.G.,Elected,1,0,0,4441,0,0,6814,6838,6943,7271,7418,7586,7680,8115,8827,9124,9256,0,0,0,0,0,6814,6814
Louth,Garrett Weldon,M,Anti-Austerity Alliance,Others,AAA-PBP,Excluded,1,0,0,7793,0,0,3462,3644,3690,3816,4468,4586,4675,5588,6290,0,0,0,0,0,0,0,3462,3462
Louth,Ged Nash,M,The Labour Party,LAB.,LAB.,Excluded,1,0,0,6310,0,0,4945,4976,5293,5472,5593,5760,5895,6715,7888,8454,8746,0,0,0,0,0,4945,4945
Louth,Gerry Adams,M,Sinn Féin,S.F.,S.F.,Elected,1,0,0,594,0,0,10661,10774,10826,10908,11096,11278,11278,11278,11278,11278,11278,0,0,0,0,0,10661,10661
Louth,Imelda Munster,F,Sinn Féin,S.F.,S.F.,Elected,1,0,0,2426,0,0,8829,9061,9103,9224,9356,9563,9712,9995,10992,13029,11255,0,0,0,0,0,8829,8829
Louth,Kevin Callan,M,Non-Party,Others,NON-P.,Excluded,1,0,0,7714,0,0,3541,3683,3701,4030,4388,4592,4779,5224,0,0,0,0,0,0,0,0,3541,3541
Louth,Maeve Yore,F,Non-Party,Others,NON-P.,Excluded,1,0,0,8509,68,0,2746,2814,2953,3138,0,0,0,0,0,0,0,0,0,0,0,0,2746,2746
Louth,Mark Dearey,M,Green Party,G.P.,G.P.,Excluded,1,0,0,8068,0,0,3187,3225,3363,3530,4099,4327,4517,0,0,0,0,0,0,0,0,0,3187,3187
Louth,Mary Moran,F,The Labour Party,LAB.,LAB.,Excluded,1,0,0,10057,1616,0,1198,1211,0,0,0,0,0,0,0,0,0,0,0,0,0,0,1198,1198
Louth,Michael O'Dowd,M,Renua Ireland,Others,R.I.,Excluded,1,0,0,9160,719,0,2095,2219,2242,0,0,0,0,0,0,0,0,0,0,0,0,0,2095,2095
Louth,Patrick Greene,M,Direct Democracy,Others,D.D.I.,Excluded,1,0,0,11128,2687,0,127,0,0,0,0,0,0,0,0,0,0,0,0,0,0,0,127,127
Louth,Peter Fitzpatrick,M,Fine Gael,F.G.,F.G.,Excluded,1,0,0,4847,0,0,6408,6417,6591,6693,6969,7113,7206,7977,8231,8931,9132,0,0,0,0,0,6408,6408
Mayo,Dara Calleary,M,Fianna Fáil,F.F.,F.F.,Elected,1,0,0,3328,0,0,9402,9417,9419,9432,9441,9450,9495,9933,10425,12150,0,0,0,0,0,0,9402,9402
Mayo,Enda Kenny,M,Fine Gael,F.G.,F.G.,Elected,1,0,1,0,0,0,13318,12730,12730,12730,12730,12730,12730,12730,12730,12730,0,0,0,0,0,0,13318,13318
Mayo,George O'Malley,M,Non-Party,Others,NON-P.,Excluded,1,0,0,12468,2921,0,262,263,263,276,284,301,0,0,0,0,0,0,0,0,0,0,262,262
Mayo,Gerry O'Boyle,M,Non-Party,Others,NON-P.,Excluded,1,0,0,12604,3057,0,126,127,130,0,0,0,0,0,0,0,0,0,0,0,0,0,126,126
Mayo,Jerry Cowley,M,Non-Party,Others,NON-P.,Excluded,1,0,0,9251,0,0,3479,3495,3504,3513,3523,3553,3668,4375,0,0,0,0,0,0,0,0,3479,3479
Mayo,Lisa Chambers,F,Fianna Fáil,F.F.,F.F.,Elected,1,0,0,4499,0,0,8231,8265,8266,8280,8296,8307,8354,8718,9503,11686,0,0,0,0,0,0,8231,8231
Mayo,Margaret (Mags) Sheehan,F,Green Party,G.P.,G.P.,Excluded,1,0,0,12101,2554,0,629,631,632,636,651,665,680,0,0,0,0,0,0,0,0,0,629,629
Mayo,Michael Patrick Farrington,M,Renua Ireland,Others,R.I.,Excluded,1,0,0,11156,1609,0,1574,1579,1582,1590,1600,1608,1659,0,0,0,0,0,0,0,0,0,1574,1574
Mayo,Michael Ring,M,Fine Gael,F.G.,F.G.,Elected,1,0,0,1455,0,0,11275,11533,11534,11545,11558,11567,11613,12034,13149,13149,0,0,0,0,0,0,11275,11275
Mayo,Michelle Mulherin,F,Fine Gael,F.G.,F.G.,Excluded,1,0,0,4889,0,0,7841,8084,8088,8094,8123,8131,8182,8496,8900,9593,0,0,0,0,0,0,7841,7841
Mayo,Mohammad Kamal Uddin,M,Non-Party,Others,NON-P.,Excluded,1,0,0,12586,3039,0,144,146,149,150,0,0,0,0,0,0,0,0,0,0,0,0,144,144
Mayo,Peter Jordan,M,Non-Party,Others,NON-P.,Excluded,1,0,0,12554,3007,0,176,176,181,189,192,197,0,0,0,0,0,0,0,0,0,0,176,176
Mayo,Rose Conway-Walsh,F,Sinn Féin,S.F.,S.F.,Excluded,1,0,0,6316,0,0,6414,6423,6423,6445,6453,6485,6548,7022,7853,0,0,0,0,0,0,0,6414,6414
Mayo,Sean Forkin,M,Non-Party,Others,NON-P.,Excluded,1,0,0,12688,3141,0,42,42,0,0,0,0,0,0,0,0,0,0,0,0,0,0,42,42
Mayo,Stephen Manning,M,Non-Party,Others,NON-P.,Excluded,1,0,0,12573,3026,0,157,158,159,166,174,0,0,0,0,0,0,0,0,0,0,0,157,157
Mayo,Tom Moran,M,Anti-Austerity Alliance,Others,AAA-PBP,Excluded,1,0,0,12154,2607,0,576,577,582,587,597,626,664,0,0,0,0,0,0,0,0,0,576,576
Meath East,Aisling O'Neill,F,Social Democrats,Others,S.D.,Excluded,1,0,0,8633,873,0,1715,1740,1801,1885,2148,2300,2463,0,0,0,0,0,0,0,0,0,1715,1715
Meath East,Ben Gilroy,M,Direct Democracy,Others,D.D.I.,Excluded,1,0,0,9554,1794,0,794,809,841,876,899,0,0,0,0,0,0,0,0,0,0,0,794,794
Meath East,Darren O'Rourke,M,Sinn Féin,S.F.,S.F.,Excluded,1,0,0,4568,0,0,5780,5860,5970,6017,6096,6341,6637,7236,8556,0,0,0,0,0,0,0,5780,5780
Meath East,Dominic Hannigan,M,The Labour Party,LAB.,LAB.,Excluded,1,0,0,8078,318,0,2270,2307,2325,2350,2494,2525,2680,3084,0,0,0,0,0,0,0,0,2270,2270
Meath East,Helen McEntee,F,Fine Gael,F.G.,F.G.,Elected,1,0,0,2792,0,0,7556,7656,7671,7749,7841,7887,8237,8435,9958,0,0,0,0,0,0,0,7556,7556
Meath East,Joseph Bonner,M,Non-Party,Others,NON-P.,Excluded,1,0,0,7866,106,0,2482,2527,2545,2600,2665,2857,3215,3825,0,0,0,0,0,0,0,0,2482,2482
Meath East,Regina Doherty,F,Fine Gael,F.G.,F.G.,Elected,1,0,0,3518,0,0,6830,6889,6899,6979,7064,7109,7247,7477,9612,0,0,0,0,0,0,0,6830,6830
Meath East,Sarah Tyrrell,F,Renua Ireland,Others,R.I.,Excluded,1,0,0,9825,2065,0,523,554,563,0,0,0,0,0,0,0,0,0,0,0,0,0,523,523
Meath East,Seamus McDonagh,M,Workers Party,Others,W.P.,Excluded,1,0,0,10022,2262,0,326,335,0,0,0,0,0,0,0,0,0,0,0,0,0,0,326,326
Meath East,Seán Ó Buachalla,M,Green Party,G.P.,G.P.,Excluded,1,0,0,9582,1822,0,766,784,801,853,0,0,0,0,0,0,0,0,0,0,0,0,766,766
Meath East,Sharon Keogan,F,Non-Party,Others,NON-P.,Excluded,1,0,0,8820,1060,0,1528,1579,1600,1663,1709,1805,0,0,0,0,0,0,0,0,0,0,1528,1528
Meath East,Thomas Byrne,M,Fianna Fáil,F.F.,F.F.,Elected,1,0,1,0,0,0,10818,10348,10348,10348,10348,10348,10348,10348,10348,0,0,0,0,0,0,0,10818,10818
Meath West,Alan Lawes,M,Direct Democracy,Others,D.D.I.,Excluded,1,0,0,8373,1135,0,1279,1310,1380,1440,0,0,0,0,0,0,0,0,0,0,0,0,1279,1279
Meath West,Damien English,M,Fine Gael,F.G.,F.G.,Elected,1,0,0,1529,0,0,8123,8333,8376,8785,8880,10371,0,0,0,0,0,0,0,0,0,0,8123,8123
Meath West,John Malone,M,Non-Party,Others,NON-P.,Excluded,1,0,0,9213,1975,0,439,486,0,0,0,0,0,0,0,0,0,0,0,0,0,0,439,439
Meath West,Peadar Tóibín,M,Sinn Féin,S.F.,S.F.,Elected,1,0,0,210,0,0,9442,9713,9713,9713,9713,9713,0,0,0,0,0,0,0,0,0,0,9442,9442
Meath West,Ray Butler,M,Fine Gael,F.G.,F.G.,Excluded,1,0,0,5220,0,0,4432,4519,4552,4853,4904,5841,0,0,0,0,0,0,0,0,0,0,4432,4432
Meath West,Séamus McMenamin,M,Green Party,G.P.,G.P.,Excluded,1,0,0,8231,993,0,1421,1519,1587,1807,2178,0,0,0,0,0,0,0,0,0,0,0,1421,1421
Meath West,Shane Cassells,M,Fianna Fáil,F.F.,F.F.,Elected,1,0,1,0,0,0,10585,9652,9652,9652,9652,9652,0,0,0,0,0,0,0,0,0,0,10585,10585
Meath West,Tracy McElhinney,F,The Labour Party,LAB.,LAB.,Excluded,1,0,0,8486,1248,0,1166,1229,1241,0,0,0,0,0,0,0,0,0,0,0,0,0,1166,1166
Meath West,Trevor Golden,M,Non-Party,Others,NON-P.,Excluded,1,0,0,7934,696,0,1718,1844,1984,2137,2616,0,0,0,0,0,0,0,0,0,0,0,1718,1718
Offaly,Barry Cowen,M,Fianna Fáil,F.F.,F.F.,Elected,1,0,1,0,0,0,12366,11009,11009,11009,11009,11009,11009,0,0,0,0,0,0,0,0,0,12366,12366
Offaly,Carol Nolan,F,Sinn Féin,S.F.,S.F.,Elected,1,0,0,6205,0,0,4804,4882,5459,6295,7195,8785,8890,0,0,0,0,0,0,0,0,0,4804,4804
Offaly,Christopher Fettes,M,Green Party,G.P.,G.P.,Excluded,1,0,0,10484,2228,0,525,532,0,0,0,0,0,0,0,0,0,0,0,0,0,0,525,525
Offaly,Eddie Fitzpatrick,M,Fianna Fáil,F.F.,F.F.,Excluded,1,0,0,7615,0,0,3394,4297,4578,6147,7141,8521,8720,0,0,0,0,0,0,0,0,0,3394,3394
Offaly,Joe Hannigan,M,Non-Party,Others,NON-P.,Excluded,1,0,0,5821,0,0,5188,5226,5536,5816,0,0,0,0,0,0,0,0,0,0,0,0,5188,5188
Offaly,John Foley,M,Non-Party,Others,NON-P.,Excluded,1,0,0,6809,0,0,4200,4241,4536,0,0,0,0,0,0,0,0,0,0,0,0,0,4200,4200
Offaly,John Leahy,M,Renua Ireland,Others,R.I.,Excluded,1,0,0,6413,0,0,4596,4759,5319,5833,6588,0,0,0,0,0,0,0,0,0,0,0,4596,4596
Offaly,Kate Bopp,F,Non-Party,Others,NON-P.,Excluded,1,0,0,10460,2204,0,549,554,0,0,0,0,0,0,0,0,0,0,0,0,0,0,549,549
Offaly,Ken Smollen,M,Irish Democratic Party,Others,I.D.P.,Excluded,1,0,0,10038,1782,0,971,999,0,0,0,0,0,0,0,0,0,0,0,0,0,0,971,971
Offaly,Marcella Corcoran Kennedy,F,Fine Gael,F.G.,F.G.,Elected,1,0,0,4171,0,0,6838,6919,7270,7798,9484,11313,11009,0,0,0,0,0,0,0,0,0,6838,6838
Offaly,Teresa Ryan-Feehan,F,Non-Party,Others,NON-P.,Excluded,1,0,0,10406,2150,0,603,616,0,0,0,0,0,0,0,0,0,0,0,0,0,0,603,603
Roscommon Galway,Anne Farrell,F,Renua Ireland,Others,R.I.,Excluded,1,0,0,10901,2336,0,520,577,580,616,0,0,0,0,0,0,0,0,0,0,0,0,520,520
Roscommon Galway,Claire Kerrane,F,Sinn Féin,S.F.,S.F.,Excluded,1,0,0,8346,0,0,3075,3196,3207,3256,3301,3591,3826,0,0,0,0,0,0,0,0,0,3075,3075
Roscommon Galway,Denis Naughten,M,Non-Party,Others,NON-P.,Elected,1,0,1,0,0,0,13936,11421,11421,11421,11421,11421,11421,11421,0,0,0,0,0,0,0,0,13936,13936
Roscommon Galway,Eddie Conroy,M,Anti-Austerity Alliance,Others,AAA-PBP,Excluded,1,0,0,10439,1874,0,982,1008,1015,1146,1172,0,0,0,0,0,0,0,0,0,0,0,982,982
Roscommon Galway,Eugene Murphy,M,Fianna Fáil,F.F.,F.F.,Elected,1,0,0,4608,0,0,6813,7157,7162,7192,7260,7368,7565,10104,0,0,0,0,0,0,0,0,6813,6813
Roscommon Galway,John Kelly,M,The Labour Party,LAB.,LAB.,Excluded,1,0,0,10210,1645,0,1211,1254,1258,1320,1373,1442,0,0,0,0,0,0,0,0,0,0,1211,1211
Roscommon Galway,Maura Hopkins,F,Fine Gael,F.G.,F.G.,Excluded,1,0,0,4609,0,0,6812,7317,7324,7428,7555,7698,8388,9313,0,0,0,0,0,0,0,0,6812,6812
Roscommon Galway,Michael Fitzmaurice,M,Non-Party,Others,NON-P.,Elected,1,0,0,1671,0,0,9750,10964,10996,11073,11275,11630,11630,11630,0,0,0,0,0,0,0,0,9750,9750
Roscommon Galway,Miriam Hennessy,F,Green Party,G.P.,G.P.,Excluded,1,0,0,11135,2570,0,286,305,307,0,0,0,0,0,0,0,0,0,0,0,0,0,286,286
Roscommon Galway,Shane Curran,M,Fianna Fáil,F.F.,F.F.,Excluded,1,0,0,9415,850,0,2006,2164,2168,2198,2240,2294,2389,0,0,0,0,0,0,0,0,0,2006,2006
Roscommon Galway,Thomas Declan Fallon,M,Non-Party,Others,NON-P.,Excluded,1,0,0,11346,2781,0,75,88,0,0,0,0,0,0,0,0,0,0,0,0,0,0,75,75
Roscommon Galway,Tony Coleman,M,Non-Party,Others,NON-P.,Excluded,1,0,0,11207,2642,0,214,229,237,0,0,0,0,0,0,0,0,0,0,0,0,0,214,214
Sligo Leitrim,Bernard Sweeney,M,Non-Party,Others,NON-P.,Excluded,1,0,0,12339,2989,0,129,0,0,0,0,0,0,0,0,0,0,0,0,0,0,0,129,129
Sligo Leitrim,Bernie O'Hara,F,Non-Party,Others,NON-P.,Excluded,1,0,0,11262,1912,0,1206,1242,1265,1344,1470,0,0,0,0,0,0,0,0,0,0,0,1206,1206
Sligo Leitrim,Chris Mac Manus,M,Sinn Féin,S.F.,S.F.,Excluded,1,0,0,7721,0,0,4747,4786,4809,4837,4865,4909,5194,5257,5547,5637,7045,7093,0,0,0,0,4747,4747
Sligo Leitrim,Declan Bree,M,Non-Party,Others,NON-P.,Excluded,1,0,0,9218,0,0,3250,3282,3347,3399,3454,3547,4165,4402,5361,5512,0,0,0,0,0,0,3250,3250
Sligo Leitrim,Des Guckian,M,Non-Party,Others,NON-P.,Excluded,1,0,0,11408,2058,0,1060,1098,1118,1154,0,0,0,0,0,0,0,0,0,0,0,0,1060,1060
Sligo Leitrim,Eamon Murray,M,Non-Party,Others,NON-P.,Excluded,1,0,0,12112,2762,0,356,0,0,0,0,0,0,0,0,0,0,0,0,0,0,0,356,356
Sligo Leitrim,Eamon Scanlon,M,Fianna Fáil,F.F.,F.F.,Elected,1,0,0,6594,0,0,5874,5899,5907,5961,5994,6126,6179,6267,6522,7553,7822,9145,9554,10185,10822,0,5874,5874
Sligo Leitrim,Finbarr Filan,M,Renua Ireland,Others,R.I.,Excluded,1,0,0,11587,2237,0,881,887,913,0,0,0,0,0,0,0,0,0,0,0,0,0,881,881
Sligo Leitrim,Gerard Reynolds,M,Fine Gael,F.G.,F.G.,Excluded,1,0,0,5796,0,0,6672,6702,6742,6797,6944,7027,7054,7314,7532,8715,8921,10092,10177,10316,10417,0,6672,6672
Sligo Leitrim,John Perry,M,Fine Gael,F.G.,F.G.,Excluded,1,0,0,8065,0,0,4403,4413,4431,4466,4487,4533,4566,4773,4935,0,0,0,0,0,0,0,4403,4403
Sligo Leitrim,Leslie V. John O'Hora,M,Green Party,G.P.,G.P.,Excluded,1,0,0,11865,2515,0,603,619,0,0,0,0,0,0,0,0,0,0,0,0,0,0,603,603
Sligo Leitrim,Marc MacSharry,M,Fianna Fáil,F.F.,F.F.,Elected,1,0,0,3612,0,0,8856,8874,8893,9036,9122,9447,9549,9705,10322,10672,11520,13227,13227,13227,12468,0,8856,8856
Sligo Leitrim,Marie Casserly,F,Non-Party,Others,NON-P.,Excluded,1,0,0,9742,392,0,2726,2763,2823,2945,3067,3254,3697,4138,0,0,0,0,0,0,0,0,2726,2726
Sligo Leitrim,Martin Kenny,M,Sinn Féin,S.F.,S.F.,Elected,1,0,0,6112,0,0,6356,6419,6439,6473,6687,6781,6988,7028,7270,7305,7971,9294,14066,12468,12468,0,6356,6356
Sligo Leitrim,Nigel Gallagher,M,Anti-Austerity Alliance,Others,AAA-PBP,Excluded,1,0,0,10700,1350,0,1768,1803,1890,1950,2014,2074,0,0,0,0,0,0,0,0,0,0,1768,1768
Sligo Leitrim,Paddy O'Rourke,M,Fianna Fáil,F.F.,F.F.,Excluded,1,0,0,7021,0,0,5447,5474,5486,5511,5658,5799,5819,5863,5949,6001,6083,0,0,0,0,0,5447,5447
Sligo Leitrim,Susan O'Keeffe,F,The Labour Party,LAB.,LAB.,Excluded,1,0,0,10639,1289,0,1829,1843,1986,2036,2060,2096,2192,0,0,0,0,0,0,0,0,0,1829,1829
Sligo Leitrim,Tony McLoughlin,M,Fine Gael,F.G.,F.G.,Elected,1,0,0,6296,0,0,6172,6204,6237,6338,6371,6440,6485,7013,7628,9465,10055,10167,10529,10910,10931,0,6172,6172
Tipperary,Alan Kelly,M,The Labour Party,LAB.,LAB.,Elected,1,0,0,5246,0,0,7746,8209,8387,9456,9958,11067,11750,0,0,0,0,0,0,0,0,0,7746,7746
Tipperary,Gearóid Fitzgibbon,M,Green Party,G.P.,G.P.,Excluded,1,0,0,11651,1908,0,1341,0,0,0,0,0,0,0,0,0,0,0,0,0,0,0,1341,1341
Tipperary,Jackie Cahill,M,Fianna Fáil,F.F.,F.F.,Elected,1,0,0,5578,0,0,7414,7542,9103,9530,10114,15062,12992,0,0,0,0,0,0,0,0,0,7414,7414
Tipperary,Marie Murphy,F,Fine Gael,F.G.,F.G.,Excluded,1,0,0,11450,1707,0,1542,0,0,0,0,0,0,0,0,0,0,0,0,0,0,0,1542,1542
Tipperary,Mattie McGrath,M,Non-Party,Others,NON-P.,Elected,1,0,0,1755,0,0,11237,11781,12819,13064,13064,13064,13064,0,0,0,0,0,0,0,0,0,11237,11237
Tipperary,Michael Dillon,M,Non-Party,Others,NON-P.,Excluded,1,0,0,12754,3011,0,238,0,0,0,0,0,0,0,0,0,0,0,0,0,0,0,238,238
Tipperary,Michael Lowry,M,Non-Party,Others,NON-P.,Elected,1,0,1,0,0,0,13064,13064,13064,13064,13064,13064,13064,0,0,0,0,0,0,0,0,0,13064,13064
Tipperary,Michael Smith,M,Fianna Fáil,F.F.,F.F.,Excluded,1,0,0,6274,0,0,6718,6817,7565,8165,8891,0,0,0,0,0,0,0,0,0,0,0,6718,6718
Tipperary,Noel Coonan,M,Fine Gael,F.G.,F.G.,Excluded,1,0,0,8210,0,0,4782,5140,5193,0,0,0,0,0,0,0,0,0,0,0,0,0,4782,4782
Tipperary,Seamus Healy,M,Non-Party,Others,NON-P.,Elected,1,0,0,5540,0,0,7452,7834,8477,8572,11427,12029,12874,0,0,0,0,0,0,0,0,0,7452,7452
Tipperary,Séamus Séan Morris,M,Sinn Féin,S.F.,S.F.,Excluded,1,0,0,7268,0,0,5724,5921,6038,6205,0,0,0,0,0,0,0,0,0,0,0,0,5724,5724
Tipperary,Siobhán Ambrose,F,Fianna Fáil,F.F.,F.F.,Excluded,1,0,0,8520,0,0,4472,4687,0,0,0,0,0,0,0,0,0,0,0,0,0,0,4472,4472
Tipperary,Tom Hayes,M,Fine Gael,F.G.,F.G.,Excluded,1,0,0,6774,0,0,6218,6821,7026,9373,9560,9943,10437,0,0,0,0,0,0,0,0,0,6218,6218
Waterford,Ciara Conway,F,The Labour Party,LAB.,LAB.,Excluded,1,0,0,8073,318,0,2268,2286,2302,2309,2367,2445,2449,0,0,0,0,0,0,0,0,0,2268,2268
Waterford,David Cullinane,M,Sinn Féin,S.F.,S.F.,Elected,1,0,0,602,0,0,9739,9783,9826,9890,9967,10497,10341,10341,10341,0,0,0,0,0,0,0,9739,9739
Waterford,Edward Quilty,M,Direct Democracy,Others,D.D.I.,Excluded,1,0,0,10147,2392,0,194,195,0,0,0,0,0,0,0,0,0,0,0,0,0,0,194,194
Waterford,Grace O'Sullivan,F,Green Party,G.P.,G.P.,Excluded,1,0,0,8104,349,0,2237,2254,2285,2379,2567,2968,2993,0,0,0,0,0,0,0,0,0,2237,2237
Waterford,John D Walsh,M,Non-Party,Others,NON-P.,Excluded,1,0,0,9483,1728,0,858,865,895,0,0,0,0,0,0,0,0,0,0,0,0,0,858,858
Waterford,John Deasy,M,Fine Gael,F.G.,F.G.,Elected,1,0,0,2700,0,0,7641,7687,7697,7806,7996,8067,8072,9443,9671,0,0,0,0,0,0,0,7641,7641
Waterford,John Halligan,M,Non-Party,Others,NON-P.,Elected,1,0,0,2035,0,0,8306,8368,8438,8513,8674,9271,9345,11148,10341,0,0,0,0,0,0,0,8306,8306
Waterford,Mailo Power,F,Renua Ireland,Others,R.I.,Excluded,1,0,0,9479,1724,0,862,880,902,1087,0,0,0,0,0,0,0,0,0,0,0,0,862,862
Waterford,Mary Butler,F,Fianna Fáil,F.F.,F.F.,Elected,1,0,1,0,0,0,10603,10341,10341,10341,10341,10341,10341,10341,10341,0,0,0,0,0,0,0,10603,10603
Waterford,Paudie Coffey,M,Fine Gael,F.G.,F.G.,Excluded,1,0,0,3132,0,0,7209,7245,7281,7412,7600,7635,7637,8946,9104,0,0,0,0,0,0,0,7209,7209
Waterford,Sheik Mohiuddin Ahmed,M,Non-Party,Others,NON-P.,Excluded,1,0,0,10201,2446,0,140,143,0,0,0,0,0,0,0,0,0,0,0,0,0,0,140,140
Waterford,Úna Dunphy,F,Anti-Austerity Alliance,Others,AAA-PBP,Excluded,1,0,0,8695,940,0,1646,1656,1719,1767,1857,0,0,0,0,0,0,0,0,0,0,0,1646,1646
Wexford,Ann Walsh,F,Green Party,G.P.,G.P.,Excluded,1,0,0,10888,1931,0,1056,1064,1093,0,0,0,0,0,0,0,0,0,0,0,0,0,1056,1056
Wexford,Aoife Byrne,F,Fianna Fáil,F.F.,F.F.,Excluded,1,0,0,8780,0,0,3164,3181,3252,3292,3357,3462,3513,3585,0,0,0,0,0,0,0,0,3164,3164
Wexford,Brendan Howlin,M,The Labour Party,LAB.,LAB.,Elected,1,0,0,1370,0,0,10574,10635,10731,10907,11140,11200,11311,11769,12071,12071,12071,11944,11944,11944,0,0,10574,10574
Wexford,Caroline Foxe,F,Non-Party,Others,NON-P.,Excluded,1,0,0,11014,2057,0,930,956,0,0,0,0,0,0,0,0,0,0,0,0,0,0,930,930
Wexford,David Lloyd,M,Direct Democracy,Others,D.D.I.,Excluded,1,0,0,11816,2859,0,128,0,0,0,0,0,0,0,0,0,0,0,0,0,0,0,128,128
Wexford,David Maloney,M,Non-Party,Others,NON-P.,Excluded,1,0,0,11468,2511,0,1472,1558,1616,1731,1749,1843,0,0,0,0,0,0,0,0,0,0,476,476
Wexford,Deirdre Wadding,F,Anti-Austerity Alliance,Others,AAA-PBP,Excluded,1,0,0,10472,1515,0,1472,1558,1616,1731,1749,1843,0,0,0,0,0,0,0,0,0,0,1472,1472
Wexford,Ger Carthy,M,Non-Party,Others,NON-P.,Excluded,1,0,0,8810,0,0,3134,3189,3268,3307,3351,3428,3563,3855,4041,0,0,0,0,0,0,0,3134,3134
Wexford,James Browne,M,Fianna Fáil,F.F.,F.F.,Elected,1,0,0,2117,0,0,9827,9850,9937,9983,10007,10066,10095,10150,11699,12434,11944,11944,11944,11944,0,0,9827,9827
Wexford,John Dwyer,M,Non-Party,Others,NON-P.,Excluded,1,0,0,10679,1722,0,1265,1279,1323,1355,1362,0,0,0,0,0,0,0,0,0,0,0,1265,1265
Wexford,John Mythen,M,Sinn Féin,S.F.,S.F.,Excluded,1,0,0,4684,0,0,7260,7357,7415,7451,7466,7712,8036,8248,8350,8795,8824,8832,9405,9652,0,0,7260,7260
Wexford,Julie Hogan,F,Fine Gael,F.G.,F.G.,Excluded,1,0,0,10730,1773,0,1214,1233,1266,1305,0,0,0,0,0,0,0,0,0,0,0,0,1214,1214
Wexford,Leonard Kelly,M,Social Democrats,Others,S.D.,Excluded,1,0,0,10309,1352,0,1635,1677,1707,1883,1907,1939,2179,0,0,0,0,0,0,0,0,0,1635,1635
Wexford,Malcolm Byrne,M,Fianna Fáil,F.F.,F.F.,Excluded,1,0,0,5829,0,0,6115,6123,6139,6204,6222,6241,6286,6367,6950,7122,7393,7409,0,0,0,0,6115,6115
Wexford,Michael D'arcy,M,Fine Gael,F.G.,F.G.,Elected,1,0,0,4146,0,0,7798,7803,7830,7913,8334,8357,8390,8490,8574,8884,8917,8950,11371,11645,0,0,7798,7798
Wexford,Mick Wallace,M,Independents 4 Change,Others,I.4.C,Elected,1,0,0,4027,0,0,7917,8013,8237,8398,8468,8853,9575,10213,10625,11817,11887,11930,13420,11944,0,0,7917,7917
Wexford,Paul Kehoe,M,Fine Gael,F.G.,F.G.,Elected,1,0,0,4248,0,0,7696,7703,7764,7808,8152,8259,8284,8344,8522,8874,8922,8949,9593,9704,0,0,7696,7696
Wicklow,Andrew Doyle,M,Fine Gael,F.G.,F.G.,Elected,1,0,0,5423,0,0,6045,6227,6244,6285,6424,6466,7726,7961,9652,10394,0,0,0,0,0,0,6045,6045
Wicklow,Anna Doyle,F,Anti-Austerity Alliance,Others,AAA-PBP,Excluded,1,0,0,10929,2329,0,539,612,655,0,0,0,0,0,0,0,0,0,0,0,0,0,539,539
Wicklow,Anne Ferris,F,The Labour Party,LAB.,LAB.,Excluded,1,0,0,8834,234,0,2634,2861,2873,2912,3413,3633,3859,4032,0,0,0,0,0,0,0,0,2634,2634
Wicklow,Avril Cronin,F,Fine Gael,F.G.,F.G.,Excluded,1,0,0,9377,777,0,2091,2149,2163,2176,2261,2322,0,0,0,0,0,0,0,0,0,0,2091,2091
Wicklow,Billy Timmins,M,Renua Ireland,Others,R.I.,Excluded,1,0,0,5958,0,0,5510,5737,5762,5858,6017,6231,6667,6910,7279,8359,0,0,0,0,0,0,5510,5510
Wicklow,Bob Kearns,M,Non-Party,Others,NON-P.,Excluded,1,0,0,11356,2756,0,112,120,0,0,0,0,0,0,0,0,0,0,0,0,0,0,112,112
Wicklow,Charlie Keddy,M,Non-Party,Others,NON-P.,Excluded,1,0,0,11021,2421,0,447,476,520,0,0,0,0,0,0,0,0,0,0,0,0,0,447,447
Wicklow,Jennifer Cuffe,F,Fianna Fáil,F.F.,F.F.,Excluded,1,0,0,8478,0,0,2990,3179,3192,3249,3339,3448,3548,0,0,0,0,0,0,0,0,0,2990,2990
Wicklow,Joe Behan,M,Non-Party,Others,NON-P.,Excluded,1,0,0,8398,0,0,3070,3345,3374,3539,3717,4288,4332,4613,5218,0,0,0,0,0,0,0,3070,3070
Wicklow,John Brady,M,Sinn Féin,S.F.,S.F.,Elected,1,0,0,317,0,0,11151,11489,11489,11489,11489,11489,11489,11489,11489,11489,0,0,0,0,0,0,11151,11151
Wicklow,Katrina Hutchinson,F,Direct Democracy,Others,D.D.I.,Excluded,1,0,0,11300,2700,0,168,217,0,0,0,0,0,0,0,0,0,0,0,0,0,0,168,168
Wicklow,Pat Casey,M,Fianna Fáil,F.F.,F.F.,Elected,1,0,0,5179,0,0,6289,6446,6457,6505,6552,6600,6700,8931,9214,10260,0,0,0,0,0,0,6289,6289
Wicklow,Sharon Briggs,F,Anti-Austerity Alliance,Others,AAA-PBP,Excluded,1,0,0,10227,1627,0,1241,1396,1454,1918,2219,0,0,0,0,0,0,0,0,0,0,0,1241,1241
Wicklow,Simon Harris,M,Fine Gael,F.G.,F.G.,Elected,1,0,0,649,0,0,10819,11468,11468,11468,11468,11468,11468,11468,11468,11468,0,0,0,0,0,0,10819,10819
Wicklow,Stephen Donnelly,M,Social Democrats,Others,S.D.,Elected,1,0,1,0,0,0,14348,11468,11468,11468,11468,11468,11468,11468,11468,11468,0,0,0,0,0,0,14348,14348
Wicklow,Steven Matthews,M,Green Party,G.P.,G.P.,Excluded,1,0,0,10118,1518,0,1350,1614,1651,1745,0,0,0,0,0,0,0,0,0,0,0,0,1350,1350
